-0.25374,0.55076,0.58959,0.64526,0.24382,0.20164,0.14568,-0.18886
2.3371,0.99948,0.70899,0.77283,0.29732,0.24912,0.18654,-0.17917
3.8894,1.2575,0.832,0.74826,0.27676,0.24718,0.18453,-0.17874
4.9431,1.3896,0.85211,0.78543,0.31987,0.27737,0.16779,-0.13587
-2.5976,0.13671,0.41391,0.59195,0.24912,0.21149,0.14535,-0.1822
-5.1319,-0.31859,0.29779,0.56968,0.22066,0.1335,0.13269,-0.1888
-7.1971,-0.67679,0.2119,0.54222,0.2227,0.19334,0.10946,-0.1845
0.36177,3.1367,1.0593,0.81505,0.3442,0.28661,0.22074,-0.137
0.5384,4.8099,1.3536,0.95856,0.35744,0.29777,0.19451,-0.15077
0.7598,5.6796,1.4831,1.0351,0.39425,0.28721,0.19658,-0.14861
-0.82321,-1.9215,0.11983,0.56062,0.20635,0.20546,0.16319,-0.19267
-1.2149,-4.2209,-0.37039,0.36311,0.12854,0.14357,0.14577,-0.17924
-1.7633,-6.0945,-0.69411,0.25051,0.10646,0.12609,0.14727,-0.18698
-0.15935,0.97607,3.2117,1.1172,0.38794,0.2744,0.20137,-0.13389
-0.040777,1.2007,4.3308,1.3219,0.45633,0.29966,0.22033,-0.1428
0.030789,1.3647,4.9345,1.4297,0.50179,0.36379,0.22509,-0.13389
-0.44664,-0.033033,-1.9602,0.19048,0.13014,0.1436,0.16088,-0.17899
-0.64242,-0.51793,-4.3324,-0.19574,0.0069665,0.10365,0.13961,-0.18713
-0.76681,-0.95669,-6.0255,-0.5135,-0.061846,0.050097,0.10238,-0.19251
-0.16978,0.70697,1.085,3.1174,0.64815,0.35774,0.21097,-0.13504
-0.12028,0.80668,1.3258,4.5836,0.89002,0.4404,0.21763,-0.12876
-0.08767,0.86924,1.5091,5.2404,1.0437,0.47715,0.25599,-0.11698
-0.37657,0.37905,0.14434,-1.4203,-0.075805,0.083825,0.11815,-0.19347
-0.42043,0.21456,-0.24486,-3.3763,-0.41026,-0.025564,0.082109,-0.20985
-0.50763,0.10547,-0.52623,-4.7779,-0.6736,-0.11014,0.028413,-0.26677
-0.21043,0.56294,0.67113,1.0244,2.3336,0.52963,0.2324,-0.15098
-0.17988,0.65009,0.82739,1.2695,3.7433,0.74336,0.24175,-0.14559
-0.21756,0.66327,0.81834,1.3317,4.3425,0.85259,0.29582,-0.13876
-0.31105,0.41575,0.37096,0.19836,-1.8925,-0.2247,0.028809,-0.26192
-0.42525,0.28747,0.24012,-0.22769,-3.8674,-0.57008,-0.04804,-0.31451
-0.38264,0.26419,0.17701,-0.46128,-4.9916,-0.73859,-0.098027,-0.29359
-0.27296,0.5881,0.67571,0.73194,0.53882,2.3373,0.42309,-0.12141
-0.22216,0.57303,0.69305,0.81403,0.74823,3.4159,0.55878,-0.078149
-0.2381,0.57324,0.69015,0.82341,0.83788,3.9368,0.65969,-0.018931
-0.33239,0.46688,0.47659,0.47939,-0.11647,-1.6797,-0.15737,-0.27206
-0.3863,0.39549,0.44845,0.38383,-0.40297,-3.4831,-0.44387,-0.37836
-0.36049,0.40696,0.42995,0.30475,-0.59214,-4.6987,-0.61443,-0.40053
-0.27851,0.55403,0.6111,0.65291,0.29457,0.48331,1.5903,0.057414
-0.21084,0.54147,0.66269,0.66008,0.29887,0.56067,2.2392,0.15941
-0.23737,0.54638,0.60045,0.73874,0.39074,0.71126,2.6308,0.2592
-0.32411,0.43625,0.56847,0.5467,0.13426,-0.17351,-1.2591,-0.43107
-0.29139,0.46661,0.54315,0.54258,0.041512,-0.4344,-2.51,-0.64683
-0.27295,0.4831,0.50145,0.54262,0.017027,-0.6042,-3.6396,-0.76541
-0.26062,0.50232,0.58301,0.65325,0.23679,0.21527,0.28651,1.134
-0.24257,0.53348,0.64371,0.67941,0.28654,0.27629,0.35166,1.5965
-0.2741,0.48759,0.61048,0.65373,0.29457,0.28951,0.40002,1.9288
-0.3011,0.49912,0.51571,0.55874,0.20026,0.074871,-0.13204,-1.4885
-0.31085,0.45644,0.55473,0.63484,0.20451,0.035637,-0.33603,-2.6477
-0.26828,0.51112,0.50692,0.53538,0.15539,-0.057411,-0.48551,-3.7888
-0.25595,0.53088,0.62015,0.66146,0.20375,0.12848,0.044075,-0.27043
-0.16368,0.61769,0.58113,0.71125,0.27895,0.18789,0.13601,-0.22299
3.0971,3.897,3.1316,0.54986,-2.0696,-2.2831,-1.8426,-1.8893
4.8757,5.8009,4.3975,0.085948,-4.4905,-4.7431,-3.611,-3.3973
6.0622,6.6977,4.8757,-0.33547,-6.1375,-6.3913,-5.0907,-4.7151
6.2601,6.8814,5.1965,0.66305,-5.315,-6.2753,-5.0373,-4.7017
4.9941,5.9716,4.7518,0.86031,-3.6737,-4.5534,-3.6572,-3.4323
3.1412,4.0252,3.4991,0.92774,-1.7022,-2.247,-1.9116,-1.9253
-0.16892,0.62166,0.61862,0.66223,0.227,0.13128,0.026116,-0.25805
1.0601,1.9215,2.0164,1.8404,1.5314,1.2823,0.84113,0.50032
4.4607,5.3761,4.6402,1.7193,-0.99852,-1.2366,-1.0318,-1.0898
6.744,7.7709,6.3106,1.3925,-3.4949,-3.7728,-2.9514,-2.7178
8.0446,8.7293,6.8645,0.92604,-5.5103,-5.8087,-4.6544,-4.2136
8.1112,8.832,7.3,1.9788,-4.5082,-5.6344,-4.6207,-4.215
6.912,7.9148,6.6777,2.1885,-2.6406,-3.6296,-2.9958,-2.7615
4.5289,5.4585,5.0359,2.1346,-0.54289,-1.1307,-1.1018,-1.1331
1.1034,1.9326,2.0506,1.8886,1.5593,1.3102,0.80228,0.4765
2.573,3.373,3.433,3.1614,2.6744,2.3418,1.675,1.262
6.0133,6.6597,5.8992,2.9925,0.12929,-0.27902,-0.22062,-0.2957
8.3987,9.2075,7.8413,2.698,-2.5881,-2.9396,-2.3439,-1.9843
9.7064,10.298,8.6116,2.2279,-4.7966,-5.1461,-4.206,-3.3871
9.7533,10.443,9.0068,3.2803,-3.5812,-4.9538,-4.1165,-3.3366
8.4794,9.3115,8.2703,3.5201,-1.649,-2.7697,-2.3878,-1.9782
6.0107,6.7609,6.2007,3.3548,0.52491,-0.20352,-0.32763,-0.32205
2.687,3.4258,3.4735,3.145,2.6986,2.3649,1.678,1.297
4.1628,4.7881,4.9174,4.3839,3.8308,3.4302,2.6009,2.1166
7.6418,8.2353,7.474,4.3075,1.2187,0.82072,0.46543,0.46025
10.146,10.679,9.4509,3.9883,-1.2015,-1.8079,-1.3907,-1.0216
11.418,11.75,10.467,3.7239,-2.7274,-3.639,-2.8349,-2.1421
11.451,11.854,10.766,4.5978,-1.9879,-3.4441,-2.7594,-2.1282
10.168,10.805,9.8881,4.7608,-0.46015,-1.6671,-1.469,-1.0836
7.5847,8.2388,7.677,4.535,1.5573,0.82528,0.32428,0.35359
4.1003,4.7221,4.8853,4.3803,3.779,3.3832,2.5533,2.0815
5.3766,6.1608,6.2938,5.5863,4.9695,4.5497,3.2857,2.7658
8.9681,9.6543,8.8607,5.497,2.3808,1.8762,1.4175,1.235
11.778,12.253,11.024,5.2279,0.39198,-0.34365,-0.31088,-0.16702
13.169,13.262,12.268,5.071,-0.88657,-1.7097,-1.4421,-1.0459
13.214,13.351,12.639,6.0724,-0.27053,-1.5946,-1.4365,-1.0458
11.788,12.357,11.49,6.1314,0.99657,-0.20105,-0.37032,-0.20502
8.9937,9.7415,9.1651,5.8804,2.7355,1.8639,1.3128,1.1594
5.3581,6.1387,6.2626,5.6349,4.9837,4.513,3.2519,2.7452
6.6931,7.7134,7.6668,6.8131,6.0967,5.6936,4.1506,3.5252
10.106,11.048,10.217,6.7653,3.6659,3.1551,2.4498,2.0943
12.998,13.769,12.523,6.6036,1.7568,0.93033,0.50186,0.56838
14.752,14.907,14.049,6.4748,0.4451,-0.36693,-0.61613,-0.34665
14.78,15.013,14.459,7.3913,1.1388,-0.21846,-0.56475,-0.33941
13.083,13.927,13.078,7.3428,2.3655,1.1164,0.44087,0.47949
10.184,11.137,10.464,7.04,4.0009,3.2502,2.3661,2.0416
6.812,7.6837,7.648,6.7913,6.1022,5.6913,4.1394,3.4845
8.2466,9.2007,9.0368,8.1497,7.1754,6.7129,5.0708,4.3246
11.502,12.497,11.621,8.2092,5.0673,4.4823,3.2977,2.8367
14.273,15.134,13.721,7.9187,2.7392,1.9556,1.2649,1.1869
16.153,16.29,15.363,7.8142,1.6179,0.66451,0.083271,0.26182
16.152,16.379,15.703,8.6465,2.1615,0.82536,0.12819,0.27902
14.285,15.236,14.237,8.6193,3.4127,2.1433,1.1946,1.1428
11.434,12.586,11.9,8.4771,5.3576,4.486,3.1925,2.7751
8.3315,9.2088,9.0529,8.1467,7.1741,6.7182,5.0602,4.3074
9.7324,10.803,10.579,9.5784,8.5377,8.0274,5.987,5.1181
12.884,13.792,12.862,9.5404,6.3371,5.7369,4.1946,3.6232
15.414,16.372,14.898,9.2364,3.8188,3.0868,2.1356,1.9249
17.154,17.488,16.314,9.0326,2.5592,1.397,0.51537,0.65389
17.204,17.587,16.692,9.9126,3.0027,1.5018,0.54958,0.65521
15.503,16.499,15.324,9.9217,4.5721,3.2502,2.1196,1.8884
12.803,13.866,13.124,9.7592,6.6775,5.7428,4.1217,3.5989
9.7932,10.795,10.562,9.536,8.481,7.9896,5.9524,5.1027
11.276,12.247,12.026,10.882,9.7383,9.1919,6.7884,5.839
14.251,15.098,14.126,10.755,7.4757,6.8445,5.0719,4.4201
16.582,17.424,15.978,10.479,4.8862,4.0776,2.9044,2.6495
18.125,18.184,17.078,10.186,3.4376,2.0689,1.1748,1.2964
18.154,18.226,17.391,11.064,3.801,2.1715,1.1928,1.3094
16.538,17.513,16.417,11.209,5.717,4.2714,2.8758,2.6363
14.236,15.159,14.346,11.049,7.8492,6.8738,4.9863,4.3684
11.307,12.292,12.033,10.911,9.7782,9.2301,6.831,5.8454
12.597,13.679,13.366,12.061,10.937,10.281,7.6292,6.6332
15.396,16.291,15.286,11.937,8.6567,8.0189,5.8995,5.1633
17.231,17.895,16.635,11.519,6.0101,5.1378,3.728,3.4229
18.688,18.562,17.663,11.254,4.3944,3.0898,2.0629,2.0274
18.717,18.595,17.768,12.06,4.9377,3.2384,2.0605,2.0261
17.216,17.894,17.015,12.265,6.8699,5.3935,3.7031,3.3743
15.381,16.33,15.464,12.165,8.9957,8.0338,5.7642,5.0846
12.514,13.555,13.271,11.971,10.828,10.191,7.5431,6.5462
13.757,14.672,14.392,12.96,11.834,11.156,8.3215,7.3456
16.4,17.107,16.188,12.768,9.655,8.9951,6.6886,5.9606
18.089,18.463,17.357,12.417,7.0639,6.2575,4.597,4.1704
19.195,19.165,18.069,12.162,5.1931,4.0825,2.9458,2.7972
19.261,19.203,18.254,12.903,6.0326,4.2705,2.9727,2.7733
18.067,18.5,17.66,13.098,7.8639,6.3988,4.5172,4.1658
16.335,17.147,16.378,13.061,10.033,9.0481,6.5824,5.8787
13.769,14.641,14.382,12.891,11.812,11.155,8.3025,7.3589
14.798,15.693,15.377,13.81,12.645,11.928,8.9037,7.9844
17.128,17.653,16.883,13.656,10.551,9.9142,7.3718,6.5801
18.749,18.707,17.838,13.358,8.06,7.2945,5.3954,4.9245
19.707,19.544,18.448,13.045,6.1184,5.0381,3.688,3.5234
19.826,19.609,18.64,13.785,6.9943,5.2212,3.7218,3.5412
18.838,18.715,17.975,13.896,8.7758,7.3868,5.2754,4.8616
17.151,17.644,16.989,13.884,10.898,9.913,7.2581,6.5508
14.784,15.671,15.387,13.763,12.613,11.855,8.8444,7.9534
15.877,16.105,15.837,14.135,13.231,12.34,9.1992,8.3178
17.901,17.809,17.068,14.128,11.387,10.671,7.9974,7.1629
19.415,19.06,18.041,13.845,8.9562,8.1406,6.0246,5.6034
20.26,20.184,18.902,13.676,6.995,5.9748,4.3855,4.1796
20.346,20.283,19.084,14.35,8.0157,6.1899,4.4502,4.1956
19.445,19.048,18.233,14.347,9.7332,8.3069,5.987,5.6149
17.907,17.973,17.273,14.326,11.744,10.77,7.985,7.1809
15.673,16.136,15.847,14.193,13.27,12.35,9.2279,8.3303
16.429,16.344,15.968,14.433,13.47,12.353,9.2648,8.6128
18.315,18.146,17.265,14.373,11.908,11.035,8.2284,7.6647
19.988,19.671,18.396,14.207,9.7766,9.0838,6.8427,6.0757
20.897,20.928,19.4,14.09,7.9988,7.0784,5.2374,4.9099
21.065,21.023,19.648,14.737,8.9774,7.2566,5.325,4.9223
19.888,19.7,18.641,14.722,10.548,9.2214,6.7955,6.0453
18.316,18.141,17.411,14.56,12.169,11.069,8.1971,7.6128
16.307,16.32,16.021,14.412,13.435,12.386,9.2425,8.6125
16.867,16.73,16.318,14.45,13.567,12.535,9.5131,8.7919
18.701,18.585,17.754,14.399,12.06,11.223,8.4774,7.8802
20.301,20.155,18.941,14.338,10.317,9.4623,7.1619,6.7239
21.544,21.259,19.904,14.335,8.7488,7.9314,5.8972,5.516
21.556,21.328,20.079,14.841,9.652,8.0285,5.935,5.5819
20.382,20.149,19.124,14.742,10.93,9.5094,7.0846,6.6777
18.698,18.621,17.887,14.575,12.279,11.223,8.3943,7.8582
16.887,16.723,16.35,14.444,13.521,12.5,9.5346,8.7888
2.6546,3.4171,3.4923,3.1839,2.6541,2.4294,1.7478,1.2699
5.2615,3.8776,3.5929,3.2356,2.687,2.4264,1.8196,1.3224
7.3238,4.1787,3.6811,3.2663,2.7005,2.4673,1.8224,1.3287
8.5935,4.3695,3.7749,3.31,2.7227,2.503,1.8524,1.3592
-0.040188,2.9619,3.2965,3.1067,2.609,2.4158,1.7905,1.3072
-2.273,2.5947,3.2075,3.0899,2.5238,2.3529,1.7672,1.2758
-3.6373,2.3095,3.1424,3.0704,2.5876,2.4282,1.7941,1.311
3.2208,6.0367,3.951,3.3193,2.7416,2.4779,1.8164,1.3345
3.623,8.2547,4.3101,3.3972,2.776,2.5205,1.8447,1.3563
3.8055,9.2405,4.4232,3.4562,2.8335,2.58,1.8831,1.39
2.0367,0.93716,3.0252,3.0977,2.5851,2.4411,1.7756,1.2811
1.5726,-1.3466,2.5471,2.9033,2.4769,2.3413,1.7559,1.294
1.1311,-2.8077,2.2344,2.8273,2.5009,2.3686,1.7594,1.3043
2.8045,3.9068,6.1358,3.597,2.788,2.5128,1.8609,1.3574
2.9417,4.1778,7.8177,3.8831,2.8928,2.5685,1.8649,1.3537
2.9534,4.3438,8.7751,4.0179,2.9093,2.5801,1.8518,1.3544
2.4444,2.8066,0.804,2.7001,2.4656,2.3536,1.7766,1.2895
2.2267,2.3181,-1.5742,2.3681,2.3805,2.3148,1.7591,1.285
2.0853,1.9511,-3.1946,2.0635,2.2545,2.2594,1.7046,1.252
2.7163,3.5311,3.8885,5.5405,2.9906,2.4911,1.8249,1.3312
2.7662,3.6638,4.2039,7.491,3.3369,2.5882,1.8567,1.3394
2.8048,3.7187,4.4075,8.4271,3.4633,2.6621,1.8974,1.3729
2.5682,3.2296,2.9913,0.9483,2.2423,2.2957,1.7616,1.284
2.4487,3.0548,2.5896,-0.99732,1.9216,2.1964,1.6884,1.2487
2.3864,2.9763,2.2574,-2.3204,1.6688,2.1098,1.6716,1.2159
2.6573,3.4231,3.5161,3.449,4.6237,2.7486,1.8581,1.3186
2.7499,3.484,3.6525,3.762,6.4825,2.9863,1.9372,1.3761
2.7268,3.5065,3.7102,3.8715,7.3945,3.174,1.9708,1.4084
2.5536,3.2803,3.2291,2.6905,0.34526,2.0027,1.6834,1.2462
2.5274,3.228,3.1131,2.3324,-1.7874,1.632,1.6064,1.2048
2.4385,3.1593,3.0463,2.0925,-3.198,1.4154,1.5558,1.1684
2.7139,3.4365,3.502,3.214,2.9561,4.4499,2.0929,1.3889
2.6658,3.4199,3.5565,3.2704,3.2295,6.1087,2.3035,1.4851
2.6345,3.417,3.5856,3.3137,3.2955,6.9148,2.4065,1.511
2.6161,3.326,3.377,3.003,2.2495,0.34943,1.4782,1.197
2.568,3.2864,3.2963,2.9401,1.9316,-1.4489,1.2058,1.109
2.6243,3.2596,3.2516,2.797,1.7504,-2.7118,1.0249,1.0576
2.6445,3.3541,3.408,3.1381,2.6736,2.6577,3.1526,1.5293
2.6607,3.3814,3.4981,3.1751,2.7195,2.8503,4.2288,1.7166
2.7063,3.4249,3.5058,3.1887,2.7517,2.9713,4.6664,1.8031
2.6334,3.3572,3.3982,3.1034,2.5459,2.0824,0.35856,1.0437
2.6484,3.3565,3.4187,3.0281,2.3921,1.8061,-0.95612,0.80515
2.5702,3.2807,3.3483,2.9843,2.3519,1.6211,-1.7893,0.63955
2.7122,3.3967,3.4783,3.1069,2.6141,2.3922,1.9492,2.6886
2.6592,3.3698,3.4661,3.1355,2.6364,2.4891,2.0977,3.5558
2.6696,3.3975,3.4665,3.104,2.6245,2.4782,2.1223,3.8359
2.6522,3.3541,3.4044,3.0617,2.5956,2.293,1.4984,0.038907
2.764,3.3767,3.4137,3.0621,2.5163,2.2378,1.3151,-0.99198
2.6584,3.3169,3.3796,3.045,2.4993,2.1654,1.1894,-1.6822
2.6575,3.3678,3.3836,3.0626,2.5905,2.3371,1.7277,1.2876
5.4354,6.2509,6.3054,5.7154,4.9047,4.5416,3.2796,2.7522
8.3929,6.6923,6.4092,5.7659,4.9651,4.5993,3.3551,2.768
10.67,6.9384,6.4956,5.8144,4.9723,4.6048,3.3569,2.7974
11.845,7.2021,6.5809,5.8291,5.0137,4.6038,3.3275,2.778
3.1556,5.8133,6.0849,5.6287,4.8031,4.5092,3.3001,2.7496
0.82383,5.4865,6.0083,5.6046,4.8405,4.4877,3.3165,2.7524
-0.65471,5.1775,5.9566,5.5939,4.8002,4.4858,3.27,2.7171
5.9165,8.9311,6.712,5.8258,4.9899,4.6059,3.3249,2.7712
6.3693,11.118,7.116,5.9568,5.014,4.6317,3.3523,2.8063
6.5341,11.939,7.235,5.9727,5.0256,4.5928,3.3681,2.7824
5.0595,3.792,5.8347,5.5885,4.7971,4.5075,3.2675,2.7232
4.6756,2.1497,5.5111,5.4943,4.7607,4.5109,3.28,2.7489
4.3797,0.71495,5.2098,5.3863,4.7511,4.4638,3.2748,2.7326
5.637,6.7812,9.0992,6.1269,5.0618,4.6317,3.3937,2.8202
5.7122,7.1069,11.222,6.4575,5.164,4.64,3.3989,2.797
5.8059,7.3134,12.169,6.6125,5.2002,4.7144,3.3741,2.8127
5.3031,5.7349,3.7578,5.3246,4.7905,4.4875,3.3038,2.7633
5.2065,5.3275,1.9543,5.0052,4.6955,4.4019,3.2732,2.7238
5.1137,5.0161,0.35405,4.7573,4.6089,4.4153,3.2713,2.753
5.5553,6.4114,6.7764,8.1246,5.3228,4.6929,3.3666,2.796
5.6566,6.5646,7.1199,10.247,5.6475,4.816,3.3835,2.8061
5.686,6.6124,7.3233,11.269,5.8066,4.8392,3.4245,2.8091
5.3972,6.0865,5.8509,3.5699,4.579,4.445,3.3054,2.7474
5.3542,6.0098,5.5682,2.1852,4.331,4.4187,3.2789,2.7504
5.2708,5.8804,5.245,0.95657,4.0719,4.3353,3.288,2.727
5.4936,6.2798,6.3963,6.0207,7.0632,4.9577,3.4393,2.8492
5.5775,6.3073,6.4813,6.2899,8.9312,5.2485,3.4749,2.8438
5.5899,6.374,6.6175,6.5551,10.1,5.4085,3.512,2.8549
5.4042,6.1376,6.1417,5.21,2.6738,4.1254,3.2585,2.7156
5.4215,6.1014,5.9836,4.9528,1.2091,3.9359,3.2119,2.7229
5.3055,6.0442,5.9326,4.7423,0.036209,3.741,3.1963,2.7119
5.471,6.2743,6.3248,5.7432,5.3287,6.8073,3.6419,2.8886
5.489,6.2553,6.4013,5.8378,5.6063,8.5187,3.9041,2.966
5.5372,6.2666,6.3886,5.8727,5.7818,9.519,4.0757,3.0081
5.382,6.1922,6.209,5.4786,4.5932,2.6313,3.1309,2.713
5.4053,6.1676,6.1861,5.4504,4.3482,1.3561,2.947,2.6315
5.3594,6.138,6.1106,5.3128,4.1142,0.35162,2.8204,2.6359
5.465,6.2343,6.2742,5.6156,5.0276,4.8864,4.9212,3.0584
5.5142,6.2565,6.3678,5.6588,5.1083,5.1458,6.1063,3.2599
5.5073,6.2866,6.3757,5.7274,5.1005,5.2336,6.7905,3.362
5.5552,6.2835,6.3008,5.6399,4.889,4.3118,2.0785,2.5808
5.4982,6.1915,6.2234,5.5237,4.7788,4.1014,1.1936,2.4299
5.43,6.1891,6.2381,5.5301,4.767,3.9267,0.19449,2.2783
5.5194,6.2684,6.2921,5.5993,4.9601,4.6675,3.6012,4.2309
5.435,6.2482,6.2489,5.6131,5.0379,4.7745,3.7553,5.3105
5.4972,6.2434,6.2915,5.609,5.0099,4.7508,3.8445,5.7721
5.421,6.2459,6.2214,5.5494,4.8798,4.5048,3.1733,1.6165
5.4339,6.1571,6.21,5.5624,4.8759,4.428,3.0343,0.68063
5.4264,6.204,6.2509,5.566,4.8249,4.4009,2.9266,-0.16985
5.4845,6.1986,6.2425,5.5462,4.8703,4.5324,3.3692,2.7698
-4.2176,-4.6467,-4.9489,-4.0185,-4.2414,-3.4719,-2.3246,-1.5383
0.37792,11.379,11.164,0.27942,-2.042,-2.2568,-1.7112,-1.1927
-1.9468,-0.15969,10.984,10.403,-0.38644,-1.7244,-1.5107,-1.0796
0.0066099,10.222,1.5682,9.2278,-0.70849,-1.8244,-1.5283,-1.0929
10.464,0.61849,0.65616,10.653,9.6799,0.10491,-0.94155,-0.88562
13.93,14.274,14.874,13.119,10.66,0.63384,-0.72916,-0.7613
10.978,2.7078,10.664,2.4546,8.5663,-0.18741,-0.98908,-0.9163
12.564,11.72,0.62483,0.71337,8.1957,-0.32277,-1.0745,-0.95741
-3.5925,-3.5791,-2.9552,-0.34491,9.1553,8.9022,0.13724,-0.64404
0.83476,11.927,12.441,3.3185,10.376,9.5561,0.41602,-0.42563
-1.4292,0.44479,12.135,12.695,11.713,9.8778,0.51681,-0.37992
0.49249,10.678,2.5969,11.621,11.468,9.777,0.47488,-0.40203
10.359,0.50587,0.35648,9.4692,1.3239,8.0376,0.093788,-0.62261
13.873,14.09,14.55,12.103,2.268,8.5522,0.30489,-0.48206
10.955,2.5612,10.285,0.69025,-0.058182,7.7542,-0.010648,-0.67092
12.461,11.558,0.12732,-0.86591,-0.52734,7.6342,-0.048413,-0.67722
-2.0133,-0.60503,9.583,0.59324,0.17528,8.9085,6.7484,0.53588
-0.028667,9.8172,-0.38893,-1.0263,-0.30725,8.8132,6.7097,0.54416
-3.0274,-2.7493,-0.89534,9.2707,1.4506,9.2324,6.8323,0.58648
1.1657,12.372,13.982,11.981,2.4824,9.7431,7.1195,0.76858
11.725,3.6828,13.315,13.233,12.325,11.359,7.4533,0.87152
13.306,12.582,3.4964,12.134,12.061,11.302,7.4468,0.90199
10.28,0.088402,-1.1357,0.54154,9.8432,10.4,7.136,0.67592
13.796,13.898,13.374,3.8564,10.96,11.046,7.391,0.85555
-2.007,-0.47794,10.042,2.2816,8.8121,1.5386,5.7263,0.33817
0.033878,9.9499,0.1642,0.67277,8.5337,1.4724,5.7404,0.32526
-2.9175,-2.6144,-0.54222,10.466,9.9161,1.7903,5.8843,0.40228
1.2469,12.476,14.357,13.103,10.916,2.2815,6.1378,0.53837
11.342,3.154,12.207,11.129,0.41384,0.26868,5.5721,0.30176
12.93,12.133,2.5168,9.8297,0.13433,0.14758,5.5396,0.27481
9.8686,-0.81922,-2.6544,-2.5195,-2.7395,-1.0111,5.1329,0.064484
13.408,13.387,12.334,0.99375,-1.1043,-0.23677,5.4862,0.25696
10.022,-0.41948,-2.0602,-1.497,-0.34412,9.113,7.6507,6.5534
11.499,3.3391,12.638,11.758,2.4932,10.068,8.0253,6.8291
13.075,12.285,2.9098,10.432,2.2052,9.9532,8.0267,6.7797
13.535,13.571,12.635,1.6631,0.87765,9.6187,7.8854,6.7105
-2.6138,-2.3401,-0.14667,11.118,11.573,11.224,8.1981,6.8342
-1.6434,-0.17467,10.446,2.9387,10.625,11.097,8.1923,6.8636
0.35113,10.16,0.53875,1.2709,10.251,10.954,8.1796,6.8205
1.4928,12.722,14.794,13.571,12.627,11.821,8.5275,7.0634
10.265,-0.082113,-1.364,0.17008,8.521,1.7053,6.7069,6.3158
11.666,3.4927,12.985,12.816,10.916,2.4868,7.1048,6.5851
13.182,12.403,3.2836,11.699,10.618,2.3712,7.0613,6.5263
13.732,13.677,13.161,3.4793,9.477,2.1846,6.9504,6.4865
-3.0448,-2.9157,-1.0867,8.8454,-0.41582,0.091598,6.2943,6.1002
-2.0853,-0.81857,9.342,-0.035216,-1.5719,-0.25189,6.3279,6.1355
-0.092485,9.6131,-0.73612,-1.6792,-2.1667,-0.45417,6.2659,6.0784
1.0946,12.154,13.671,11.502,0.70287,0.70396,6.672,6.3601
-3.6512,-3.7841,-3.2009,-0.73254,7.7818,-0.25378,-0.018323,4.9957
-1.5646,0.20804,11.922,12.352,10.286,0.70546,0.33549,5.2736
0.42523,10.473,2.4178,11.191,9.9964,0.62802,0.31922,5.2544
0.81577,11.755,12.228,2.971,8.9068,0.36522,0.24098,5.2059
10.38,0.2584,0.14699,8.9968,-0.67491,-1.3241,-0.21215,4.9659
10.881,2.3403,10.085,0.1902,-1.9256,-1.6773,-0.29933,4.9369
12.469,11.399,-0.13404,-1.6276,-2.6155,-2.0355,-0.38327,4.887
13.827,13.922,14.292,11.623,0.38542,-0.73907,0.050188,5.1535
-3.7156,-4.1847,-3.876,-2.5438,-1.3081,7.6056,0.99017,5.1995
-1.6125,0.032471,11.517,11.122,1.9129,8.5357,1.3815,5.4997
0.39368,10.339,2.0097,9.9361,1.6112,8.4725,1.298,5.4877
0.78242,11.573,11.723,1.1108,0.25072,8.1844,1.2529,5.438
10.738,0.75486,1.089,11.367,11.406,10.091,1.6899,5.6783
11.305,2.8754,11.137,3.0995,10.329,9.8531,1.6802,5.6815
12.896,11.861,1.043,1.3679,9.8877,9.6101,1.5972,5.6264
14.182,14.428,15.332,13.662,12.329,10.601,1.9292,5.837
5.6943,6.2166,6.5539,5.9787,5.0011,4.5885,3.3742,2.873
6.0774,12.748,13.226,12.308,11.094,10.427,7.785,6.7641
18.595,14.775,13.836,12.58,11.296,10.547,7.8447,6.8418
11.721,8.0306,12.558,12.095,11.006,10.386,7.8003,6.7601
13.76,18.109,14.224,12.618,11.281,10.546,7.8594,6.813
12.536,12.648,7.6291,11.443,10.864,10.35,7.732,6.7578
13.229,14.615,17.783,13.036,11.353,10.554,7.8565,6.8213
12.751,13.49,12.709,7.5904,10.335,10.212,7.7352,6.7491
12.956,14.043,14.262,16.274,11.792,10.678,7.8754,6.8512
12.844,13.705,13.345,11.602,6.2491,9.6686,7.6266,6.687
13.041,13.93,13.781,13.005,15.102,11.101,7.9904,6.8941
12.816,13.737,13.443,12.209,10.408,6.1542,7.183,6.5863
12.962,13.943,13.686,12.589,11.806,14.406,8.3369,6.9671
12.828,13.796,13.523,12.359,10.96,9.8296,4.5972,6.2322
12.924,13.848,13.649,12.468,11.294,11.007,10.675,7.308
12.952,13.803,13.52,12.369,11.016,10.293,7.3425,3.6699
12.849,13.795,13.588,12.43,11.186,10.592,8.2512,9.6235
12.886,13.81,13.558,12.387,11.068,10.434,7.8374,6.793
13.131,14.435,16.662,15.215,11.637,10.623,7.932,6.8413
13.2,14.7,18.134,16.687,11.845,10.692,7.9431,6.8557
13.13,14.69,18.102,15.714,13.916,10.978,7.9895,6.8855
13.189,14.695,17.868,13.755,15.186,11.134,7.9956,6.8784
13.027,14.409,16.466,13.285,13.522,10.88,7.9388,6.8599
12.623,13.043,9.587,8.9165,10.509,10.229,7.7272,6.7469
12.369,12.222,6.0919,5.8228,9.9034,10.022,7.658,6.679
12.338,12.349,6.7247,7.8005,7.4181,9.7141,7.5759,6.6684
12.422,12.499,7.2793,10.45,5.9112,9.519,7.5551,6.6803
12.564,13.137,10.1,11.34,8.4152,9.9469,7.6673,6.7275
10.317,9.9217,9.1242,8.8267,7.7946,8.7692,11.382,6.5522
12.497,20.956,20.302,11.003,8.5309,8.9594,11.445,6.6199
10.835,11.939,20.074,18.439,9.7708,9.1772,11.409,6.6385
12.399,20.206,14.133,17.794,9.6654,9.148,11.398,6.6229
20.603,12.084,11.63,18.406,16.771,10.942,11.464,6.662
22.135,21.75,21.167,19.017,16.972,10.927,11.474,6.6918
21.005,14.518,19.79,12.616,16.236,10.879,11.466,6.6544
21.503,21.062,11.874,10.793,16.202,10.835,11.479,6.6603
10.444,10.16,9.7875,10.335,16.629,15.989,11.889,6.7605
12.638,21.074,20.536,12.812,16.776,16.127,11.934,6.7926
10.928,12.084,20.291,19.115,17.313,16.247,11.951,6.8099
12.52,20.334,14.403,18.654,17.189,16.217,11.97,6.8154
20.618,12.072,11.532,17.853,11.744,15.766,11.891,6.7662
22.234,21.83,21.101,18.834,12.03,15.778,11.911,6.7924
20.82,14.564,19.571,11.015,9.6908,15.621,11.833,6.7458
21.638,21.013,11.558,9.5303,9.4,15.573,11.809,6.7333
12.145,19.823,11.231,9.4438,9.1384,15.117,6.8936,5.9959
10.763,11.808,19.262,10.766,9.4785,15.095,6.912,6.0298
12.726,21.133,20.93,18.747,11.897,15.303,6.9903,6.109
10.526,10.392,11.028,17.639,11.397,15.263,6.9175,6.0142
21.743,21.243,14.593,18.696,17.175,15.834,7.1129,6.1193
21.169,14.557,20.478,19.092,17.251,15.879,7.1578,6.1436
21.998,21.669,20.67,12.863,16.774,15.79,7.0914,6.1287
20.539,11.82,10.356,10.475,16.572,15.653,7.0028,6.0855
12.173,19.99,11.643,10.538,15.963,8.8948,6.1183,5.7437
10.668,11.845,19.399,12.672,16.119,8.9281,6.1609,5.774
12.709,21.176,21.01,19.023,16.857,9.1423,6.2199,5.8887
10.445,10.427,11.096,18.153,16.611,8.9992,6.162,5.8039
21.721,21.225,14.358,17.866,9.3731,8.134,6.0558,5.7619
21.04,14.534,20.329,18.504,9.4369,8.1352,6.0428,5.7287
21.807,21.622,20.53,10.968,8.2259,7.9825,5.9859,5.7239
20.503,11.68,9.6037,8.9188,7.5584,7.7143,5.8852,5.5837
12.212,19.844,11.072,9.1769,7.7986,7.941,6.7242,10.629
10.622,11.728,19.114,10.49,8.057,7.9994,6.7253,10.617
12.622,21.153,20.907,18.634,9.591,8.3318,6.8357,10.683
10.397,10.269,10.888,17.399,9.2052,8.1968,6.7635,10.63
21.883,21.303,14.522,18.599,16.747,9.316,6.9638,10.728
21.12,14.559,20.404,18.935,16.866,9.3961,6.9547,10.733
22.029,21.695,20.688,12.763,16.283,9.2346,6.9193,10.74
20.54,11.793,10.275,10.296,16.017,9.0424,6.8988,10.672
10.406,10.089,9.7174,10.234,16.132,10.933,11.73,11.28
12.694,21.083,20.554,12.806,16.288,10.953,11.746,11.291
10.988,12.094,20.258,18.979,16.928,11.009,11.726,11.304
12.473,20.347,14.345,18.632,16.875,10.997,11.763,11.305
20.64,12.023,11.499,17.64,9.6241,9.2805,11.624,11.234
22.105,21.721,21.068,18.758,9.9353,9.4021,11.671,11.261
20.837,14.572,19.495,10.807,8.4888,9.0031,11.548,11.203
21.49,20.973,11.51,9.4211,8.1277,8.9478,11.593,11.202
10.37,9.9925,9.3006,9.0807,9.1886,15.648,12.102,11.329
12.566,21.003,20.404,11.16,9.8332,15.754,12.141,11.358
10.904,12.064,20.18,18.595,12.005,15.89,12.174,11.375
12.486,20.257,14.259,18.105,11.903,15.85,12.182,11.371
20.629,12.167,11.704,18.563,17.273,16.362,12.253,11.395
22.231,21.75,21.229,19.05,17.483,16.414,12.283,11.452
20.967,14.534,19.835,12.808,16.861,16.239,12.254,11.393
21.644,21.123,11.913,10.938,16.751,16.116,12.287,11.426
12.34,20.017,11.707,10.783,16.651,15.814,8.3765,10.9
10.761,11.861,19.551,12.719,16.757,15.866,8.3662,10.922
12.794,21.261,21.091,19.074,17.306,16.003,8.358,10.935
10.551,10.494,11.159,18.398,17.187,15.909,8.3777,10.91
21.657,21.265,14.447,18.16,11.856,15.424,8.3615,10.881
21.098,14.515,20.37,18.716,12.033,15.487,8.3679,10.914
21.944,21.679,20.635,11.198,9.7423,15.328,8.3293,10.892
20.513,11.703,9.8994,9.2154,9.115,15.198,8.2805,10.824
17.212,17.002,16.547,14.806,13.859,12.757,9.7631,9.0597
17.292,17.122,16.604,14.811,13.904,12.777,9.7658,9.0064
18.821,17.21,16.591,14.862,13.856,12.738,9.7303,8.9905
20.088,17.372,16.579,14.812,13.809,12.718,9.7286,8.9759
21.112,17.565,16.647,14.879,13.835,12.751,9.7553,9.0013
15.392,16.802,16.485,14.805,13.758,12.718,9.6979,8.9765
13.475,16.659,16.431,14.771,13.751,12.714,9.6848,8.9486
11.647,16.512,16.374,14.77,13.747,12.69,9.7003,8.944
17.498,18.557,16.715,14.847,13.771,12.718,9.7271,8.9674
17.555,19.776,16.954,14.891,13.802,12.723,9.7353,8.9878
17.774,20.808,17.114,14.92,13.826,12.735,9.7124,8.984
16.963,15.519,16.364,14.814,13.776,12.727,9.6979,8.9686
16.645,13.803,16.199,14.772,13.74,12.721,9.7053,8.9717
16.519,13.113,16.127,14.734,13.774,12.71,9.7451,8.9787
17.239,17.154,18.07,15.018,13.809,12.737,9.7295,8.9792
17.325,17.328,19.154,15.173,13.841,12.726,9.7304,8.9945
17.469,17.589,20.065,15.309,13.879,12.755,9.7333,9.009
17.209,16.848,14.978,14.684,13.78,12.735,9.7339,8.9703
17.013,16.676,13.276,14.588,13.763,12.742,9.722,8.9876
17.085,16.598,12.84,14.532,13.754,12.753,9.7138,9.0025
17.274,17.059,16.707,16.257,13.971,12.783,9.7212,9.0298
17.177,17.022,16.853,17.357,14.079,12.741,9.7392,9.0109
17.199,17.091,16.944,18.239,14.159,12.79,9.7417,9.0202
17.237,17.009,16.461,13.508,13.685,12.723,9.7472,9.0023
17.204,16.989,16.303,12.203,13.583,12.743,9.7456,9.0067
17.2,16.943,16.221,11.793,13.538,12.722,9.7358,8.9945
17.265,17.038,16.59,14.928,14.997,12.852,9.7341,8.9927
17.277,17.072,16.595,15.032,15.758,12.936,9.7454,9.0071
17.311,17.035,16.642,15.171,16.497,13.064,9.7612,9.0424
17.193,17.037,16.568,14.629,12.364,12.657,9.7252,8.9774
17.169,17.03,16.561,14.581,11.007,12.599,9.7302,8.9901
17.129,17.015,16.538,14.561,10.491,12.562,9.7127,9.0037
17.237,17.011,16.598,14.823,13.965,13.902,9.8395,9.0335
17.37,17.042,16.631,14.849,14.08,14.816,9.9173,9.0594
17.155,17.03,16.591,14.81,14.183,15.603,9.9723,9.0862
17.318,17.033,16.584,14.757,13.728,11.611,9.6586,8.9905
17.23,17.006,16.579,14.764,13.638,10.364,9.5111,8.9585
17.313,17.05,16.563,14.772,13.57,9.7727,9.4774,8.9718
17.212,17.03,16.604,14.819,13.874,12.817,10.473,9.125
17.286,17.019,16.626,14.793,13.897,12.876,11.086,9.2054
17.218,17.021,16.6,14.815,13.855,12.96,11.662,9.2861
17.305,17.047,16.594,14.757,13.805,12.739,8.8938,8.9193
17.365,17.078,16.614,14.81,13.849,12.668,7.8772,8.8247
17.206,17.036,16.584,14.814,13.8,12.64,7.3047,8.7697
17.186,17.001,16.626,14.788,13.843,12.752,9.7794,9.8154
17.268,17.023,16.627,14.816,13.857,12.771,9.8084,10.448
17.296,17.046,16.613,14.848,13.862,12.798,9.8433,11.035
17.269,17.027,16.571,14.807,13.846,12.763,9.6923,8.1894
17.228,17.01,16.555,14.79,13.799,12.746,9.6121,7.2307
17.181,17.006,16.575,14.797,13.802,12.72,9.5306,6.348
17.279,17.033,16.589,14.802,13.838,12.764,9.7331,8.9998
8.709,9.4244,9.3106,8.5865,7.5593,7.0647,5.251,4.5132
11.345,9.879,9.4123,8.6526,7.6434,7.0777,5.3391,4.542
13.716,10.252,9.5767,8.7124,7.6717,7.0694,5.3602,4.5586
15.53,10.598,9.7373,8.8149,7.7334,7.1592,5.3998,4.5825
6.0822,8.9173,9.0962,8.4491,7.5373,6.9795,5.3101,4.4814
3.6426,8.5044,8.9599,8.4114,7.4782,6.9794,5.3187,4.5312
2.357,8.2675,8.8373,8.3694,7.4482,6.9358,5.2871,4.4964
9.0385,11.987,9.6941,8.6725,7.5944,7.0051,5.3282,4.541
9.4873,14.185,10.116,8.8647,7.6882,7.0903,5.3409,4.5542
9.7066,15.128,10.342,8.8953,7.6964,7.0945,5.3636,4.5457
8.0798,7.1201,8.7974,8.4056,7.4564,6.913,5.2738,4.4839
7.5937,5.1055,8.3887,8.2849,7.4098,6.9239,5.2609,4.482
7.2806,3.6515,8.1644,8.1938,7.3892,6.866,5.2782,4.4718
8.7456,9.8174,12.032,9.0547,7.7305,7.1271,5.3875,4.5582
8.9714,10.275,14.361,9.3757,7.8173,7.1002,5.3866,4.5542
8.9787,10.54,15.644,9.6969,7.8989,7.1563,5.3586,4.5476
8.4676,9.0368,7.1014,8.2212,7.4877,7.0079,5.3033,4.5236
8.2958,8.5517,5.0294,7.7906,7.321,6.8954,5.2582,4.4809
8.1518,8.2177,3.4389,7.5293,7.2792,6.8655,5.2729,4.4803
8.7208,9.4504,9.5982,11.014,7.935,7.1278,5.3876,4.5518
8.7828,9.6077,10.001,12.849,8.3029,7.2583,5.4027,4.576
8.7878,9.6724,10.223,13.89,8.4874,7.2193,5.4143,4.5452
8.5127,9.186,8.8526,6.8174,7.2211,6.8763,5.2686,4.4876
8.3868,9.0493,8.5071,5.1543,6.9278,6.7736,5.2361,4.4543
8.4134,8.9502,8.2058,3.6447,6.6782,6.6842,5.1652,4.4355
8.6974,9.351,9.2853,8.787,9.6802,7.3042,5.3666,4.5198
8.6931,9.4428,9.4133,9.0951,11.467,7.641,5.4618,4.5953
8.7199,9.4778,9.475,9.3234,12.814,7.8307,5.4896,4.5837
8.5358,9.2335,9.0408,8.1425,5.7179,6.623,5.1971,4.4448
8.4246,9.12,8.9026,7.8564,4.0804,6.3139,5.0908,4.3897
8.4666,9.1057,8.8773,7.6358,2.6083,6.0853,5.0531,4.3975
8.6283,9.3253,9.2029,8.5487,7.8534,9.1699,5.6026,4.5801
8.6025,9.3451,9.2104,8.5752,8.1164,10.924,5.8448,4.6512
8.6065,9.3862,9.2774,8.7229,8.3498,12.105,5.9957,4.693
8.57,9.249,9.0769,8.2893,7.1184,5.4128,5.0542,4.4047
8.5366,9.2649,9.0511,8.2431,6.9435,3.9998,4.8197,4.3418
8.5568,9.183,8.9493,8.1182,6.6672,2.6566,4.6133,4.2338
8.5817,9.277,9.1551,8.4512,7.5233,7.1766,6.6996,4.6819
8.5808,9.2752,9.1594,8.494,7.616,7.4173,7.9801,4.9292
8.6115,9.3464,9.1828,8.4993,7.6501,7.5119,8.7606,5.06
8.6353,9.2851,9.1016,8.388,7.3761,6.652,4.1187,4.2774
8.5415,9.233,9.0733,8.3309,7.3001,6.4571,3.0055,4.0721
8.5238,9.2173,9.1062,8.3365,7.2887,6.2942,2.0071,3.892
8.6087,9.2976,9.1901,8.4425,7.5366,6.9877,5.4723,5.86
8.6257,9.2827,9.1577,8.4442,7.5014,7.0443,5.6984,7.0188
8.6806,9.3196,9.1998,8.4998,7.5263,7.0719,5.8193,7.6446
8.6425,9.2592,9.1307,8.3899,7.4103,6.8308,5.0833,3.302
8.7047,9.3203,9.1866,8.3969,7.4336,6.7801,4.954,2.2216
8.634,9.2631,9.1205,8.3846,7.3834,6.7173,4.8065,1.4265
8.5601,9.2734,9.1412,8.435,7.5069,6.9218,5.272,4.4644
11.655,12.485,12.249,11.354,10.156,9.4329,7.0567,6.0316
14.254,12.944,12.403,11.415,10.163,9.4616,7.0465,6.0261
16.268,13.225,12.428,11.441,10.141,9.4259,7.0592,6.0425
17.903,13.562,12.629,11.53,10.229,9.4945,7.0845,6.0876
9.1505,12.038,12.094,11.272,10.113,9.416,7.0308,6.0446
6.5999,11.795,11.944,11.158,9.9859,9.3517,6.9975,5.9669
4.8533,11.38,11.895,11.133,10.018,9.3661,7.026,6.029
12.15,14.665,12.64,11.445,10.201,9.5047,7.0922,6.0949
12.484,16.79,13.021,11.564,10.217,9.4802,7.0676,6.0823
12.682,17.579,13.136,11.557,10.203,9.4338,7.0567,6.0387
11.1,10.163,11.82,11.132,9.9917,9.3315,7.0127,5.9937
10.725,8.0984,11.471,11.07,10.003,9.3733,7.0456,6.0249
10.361,6.6087,11.189,10.994,9.9697,9.3585,7.0281,6.0389
11.799,12.858,14.596,11.732,10.24,9.5085,7.1146,6.0799
11.945,13.237,16.538,11.989,10.328,9.5144,7.0978,6.074
12.018,13.387,17.428,12.19,10.475,9.5974,7.1193,6.0956
11.438,12.043,10.083,11.001,9.9902,9.3743,6.9974,6.0052
11.224,11.612,7.9006,10.58,9.865,9.3173,6.9874,6.004
11.148,11.281,6.3047,10.337,9.8405,9.3164,7.0317,6.0296
11.69,12.541,12.586,13.294,10.484,9.538,7.111,6.0888
11.805,12.645,12.901,15.095,10.693,9.5736,7.1163,6.0724
11.76,12.667,13.026,15.61,10.859,9.6573,7.1088,6.0789
11.551,12.349,11.922,9.5774,9.8525,9.362,7.0268,6.0365
11.557,12.235,11.59,7.7869,9.5441,9.2729,6.9996,6.0339
11.407,12.093,11.291,6.3801,9.3243,9.1989,6.96,6.0172
11.702,12.528,12.279,11.555,11.922,9.7663,7.1464,6.1154
11.694,12.512,12.403,11.852,13.561,9.9504,7.2058,6.1173
11.737,12.601,12.532,12,14.582,10.195,7.2496,6.1691
11.558,12.37,12.061,10.891,8.3978,9.1302,6.9857,6.0105
11.528,12.334,11.973,10.566,6.5394,8.8794,6.9438,5.9681
11.52,12.276,11.88,10.316,5.1315,8.648,6.8631,5.9521
11.742,12.508,12.265,11.294,10.478,11.369,7.3298,6.1604
11.735,12.516,12.319,11.403,10.712,12.979,7.552,6.2541
11.768,12.516,12.324,11.438,10.865,13.89,7.6861,6.2798
11.548,12.396,12.138,11.112,9.8765,7.8895,6.8808,5.9844
11.566,12.379,12.084,11.005,9.6166,6.2807,6.6247,5.9049
11.568,12.374,12.067,10.954,9.3869,5.0491,6.4261,5.8629
11.595,12.444,12.203,11.231,10.205,9.7643,8.3583,6.3089
11.709,12.467,12.246,11.245,10.258,9.9523,9.5428,6.5286
11.683,12.497,12.26,11.356,10.344,10.128,10.24,6.6432
11.63,12.439,12.155,11.158,10.041,9.2187,5.9076,5.8732
11.662,12.383,12.131,11.114,9.992,8.9686,4.7052,5.6157
11.594,12.375,12.109,11.102,9.9163,8.81,3.7867,5.4921
11.648,12.43,12.209,11.216,10.147,9.4515,7.2056,7.3136
11.663,12.445,12.17,11.186,10.125,9.547,7.4048,8.4478
11.659,12.466,12.209,11.237,10.197,9.5889,7.5009,9.0977
11.617,12.401,12.107,11.139,10.062,9.3315,6.7979,4.834
11.614,12.384,12.104,11.129,10.031,9.266,6.6644,3.6343
11.601,12.411,12.14,11.135,10.062,9.238,6.5178,2.904
11.66,12.469,12.177,11.172,10.13,9.4226,7.0299,6.0519
14.155,14.99,14.681,13.435,12.263,11.437,8.4977,7.5385
16.599,15.337,14.785,13.505,12.301,11.482,8.5427,7.5577
18.387,15.631,14.883,13.613,12.366,11.553,8.5947,7.5976
19.312,15.814,14.899,13.587,12.346,11.505,8.564,7.5667
11.876,14.633,14.536,13.396,12.196,11.45,8.5053,7.5426
9.4363,14.357,14.458,13.402,12.205,11.452,8.5183,7.5407
7.3142,14.085,14.371,13.328,12.196,11.422,8.5022,7.5563
14.45,16.97,14.92,13.487,12.262,11.485,8.5177,7.5509
14.743,18.088,15.115,13.536,12.251,11.474,8.5118,7.5166
14.915,18.961,15.235,13.549,12.275,11.469,8.531,7.5396
13.727,12.725,14.306,13.347,12.211,11.453,8.4732,7.4787
13.294,10.703,13.94,13.224,12.103,11.351,8.4621,7.5043
13.012,9.1595,13.691,13.107,12.049,11.315,8.4583,7.458
14.267,15.276,16.631,13.706,12.308,11.478,8.5334,7.5443
14.335,15.467,17.794,13.866,12.335,11.475,8.5072,7.535
14.282,15.575,18.544,13.978,12.325,11.442,8.525,7.543
13.979,14.587,12.535,13.149,12.179,11.406,8.4975,7.5156
13.904,14.26,10.473,12.835,12.08,11.371,8.4656,7.4721
13.765,13.986,8.891,12.557,11.908,11.287,8.4157,7.4623
14.171,14.963,14.847,15.217,12.446,11.475,8.5267,7.5323
14.213,15.038,15.095,16.211,12.594,11.529,8.5372,7.5452
14.171,15.082,15.2,16.99,12.709,11.57,8.5553,7.5597
14.037,14.789,14.337,11.709,12.024,11.366,8.5119,7.5484
14.026,14.731,14.038,9.9668,11.767,11.321,8.475,7.4923
13.922,14.605,13.814,8.6772,11.511,11.213,8.4417,7.4781
14.123,14.939,14.626,13.509,13.757,11.623,8.539,7.5383
14.145,15.003,14.7,13.709,14.982,11.816,8.5878,7.5683
14.223,15.051,14.757,13.789,15.603,11.933,8.6236,7.5857
14.138,14.887,14.496,13.025,10.525,11.219,8.4589,7.5002
14.018,14.813,14.427,12.833,8.6815,10.943,8.4108,7.4792
14.046,14.802,14.326,12.582,7.3804,10.72,8.3538,7.4345
14.159,14.94,14.609,13.338,12.444,13.151,8.7119,7.5746
14.122,14.969,14.652,13.422,12.601,14.248,8.8237,7.6257
14.084,14.975,14.681,13.402,12.714,14.905,8.9379,7.6933
14.102,14.847,14.514,13.252,11.999,9.8792,8.306,7.4443
14.024,14.872,14.527,13.198,11.797,8.3053,8.1232,7.4068
14.052,14.853,14.497,13.122,11.595,7.1543,7.9467,7.3702
14.154,14.935,14.618,13.308,12.284,11.65,9.7315,7.731
14.061,14.891,14.605,13.316,12.306,11.756,10.529,7.8558
14.116,14.914,14.563,13.317,12.259,11.75,10.889,7.8656
14.139,14.922,14.564,13.266,12.195,11.276,7.4015,7.3475
14.094,14.918,14.555,13.264,12.125,11.103,6.2324,7.142
14.058,14.872,14.514,13.23,12.033,10.843,5.2917,6.9269
14.15,14.919,14.573,13.307,12.217,11.477,8.6742,8.6935
14.171,14.95,14.6,13.31,12.254,11.531,8.7856,9.6031
14.135,14.938,14.612,13.342,12.293,11.557,8.8598,10.184
14.091,14.908,14.549,13.264,12.169,11.347,8.3597,6.3296
14.058,14.89,14.59,13.293,12.148,11.343,8.1905,5.1283
14.103,14.894,14.54,13.229,12.174,11.286,8.0606,4.3477
14.088,14.914,14.584,13.305,12.202,11.431,8.5038,7.5144
16.124,16.419,16.033,14.665,13.633,12.673,9.4556,8.5535
17.986,16.503,15.985,14.595,13.642,12.632,9.4505,8.536
19.488,16.701,16,14.615,13.658,12.655,9.4846,8.5355
20.186,16.856,16.047,14.633,13.71,12.692,9.4672,8.5607
14.049,16.265,15.997,14.614,13.707,12.661,9.4806,8.5897
11.825,16.116,16,14.609,13.66,12.672,9.4894,8.5946
9.6886,15.903,15.912,14.586,13.649,12.669,9.4635,8.5572
16.286,17.853,16.12,14.576,13.633,12.64,9.4195,8.5436
16.556,18.969,16.266,14.659,13.72,12.697,9.4553,8.5737
16.612,19.763,16.368,14.626,13.648,12.624,9.4265,8.5318
15.83,14.721,15.856,14.567,13.633,12.667,9.4628,8.5281
15.516,12.905,15.656,14.548,13.609,12.658,9.4498,8.551
15.24,11.674,15.578,14.539,13.662,12.669,9.4653,8.5583
16.083,16.478,17.481,14.729,13.678,12.661,9.4347,8.5628
16.163,16.677,18.43,14.852,13.744,12.687,9.4583,8.5856
16.267,16.848,19.271,14.92,13.765,12.703,9.4781,8.6088
15.998,16.272,14.289,14.492,13.629,12.667,9.4724,8.563
16.008,16.085,12.519,14.334,13.63,12.662,9.4595,8.5589
15.923,15.921,11.365,14.197,13.606,12.673,9.4704,8.5626
16.228,16.428,16.118,15.992,13.826,12.694,9.4817,8.5765
16.095,16.402,16.187,16.878,13.945,12.71,9.4784,8.5717
16.31,16.417,16.314,17.742,14.003,12.729,9.4683,8.5932
16.124,16.395,15.882,13.154,13.493,12.634,9.4521,8.5497
16.09,16.39,15.754,11.764,13.402,12.686,9.4728,8.5829
16.035,16.301,15.59,10.738,13.208,12.607,9.4261,8.5379
16.165,16.433,16.015,14.624,14.961,12.768,9.4775,8.5855
16.165,16.426,16.052,14.651,15.778,12.799,9.4747,8.5784
16.088,16.373,16.009,14.74,16.364,12.833,9.4825,8.6054
16.042,16.382,16.001,14.448,12.062,12.585,9.4624,8.5162
16.11,16.359,15.956,14.273,10.388,12.449,9.4553,8.5192
16.076,16.375,15.964,14.141,9.3701,12.313,9.4663,8.5005
16.207,16.414,16.02,14.537,13.785,13.867,9.5311,8.6318
16.119,16.421,15.976,14.557,13.853,14.615,9.6019,8.6109
16.172,16.384,15.983,14.546,13.954,15.29,9.6493,8.6457
16.181,16.401,16.006,14.509,13.533,11.399,9.4217,8.5304
16.145,16.403,15.959,14.491,13.37,9.931,9.3063,8.4605
16.172,16.397,15.965,14.477,13.251,8.9947,9.2294,8.438
16.113,16.402,15.999,14.515,13.671,12.644,10.246,8.6442
16.182,16.376,16.018,14.529,13.684,12.741,10.87,8.7608
16.101,16.392,16.021,14.524,13.666,12.788,11.352,8.8382
16.099,16.385,15.96,14.482,13.644,12.594,8.5719,8.3932
16.092,16.365,15.991,14.504,13.579,12.479,7.518,8.2561
16.051,16.388,15.987,14.486,13.572,12.423,6.799,8.1727
16.133,16.407,15.955,14.51,13.623,12.603,9.4242,9.5373
16.096,16.381,15.945,14.523,13.637,12.637,9.5155,10.162
16.132,16.36,15.956,14.455,13.62,12.561,9.5138,10.44
16.119,16.384,15.969,14.535,13.641,12.635,9.3817,7.4641
16.067,16.407,16.017,14.492,13.623,12.624,9.3031,6.2644
16.003,16.378,15.97,14.493,13.622,12.576,9.2087,5.4175
16.03,16.38,16.019,14.538,13.627,12.632,9.4425,8.5155
5.5427,6.3591,6.3846,6.0894,5.221,4.7626,3.5623,2.9499
9.0356,9.4311,6.0476,5.231,4.3988,3.9542,2.8733,2.4095
8.9446,9.3171,5.6546,4.8966,4.0876,3.7223,2.6939,2.246
8.9815,9.2892,5.441,4.6532,3.6919,3.426,2.4622,2.0887
8.9583,9.171,5.0309,4.2006,3.3026,3.1051,2.2488,1.9356
11.678,11.604,5.6035,4.3812,3.3575,3.1601,2.3155,1.9251
11.615,11.551,5.2317,3.9855,3.018,2.7546,2.0389,1.7661
11.556,11.451,4.8797,3.7061,2.666,2.4545,1.8251,1.5463
11.573,11.357,4.573,3.3695,2.2789,2.1214,1.5821,1.3831
10.344,10.75,7.5355,6.5383,5.4249,4.9301,3.7754,3.216
10.301,10.667,7.2035,6.2658,5.1631,4.7232,3.6161,3.0646
10.301,10.598,6.868,5.9853,4.7748,4.408,3.4177,2.9433
10.211,10.507,6.5234,5.556,4.3643,4.1047,3.2054,2.7591
13.15,13.074,7.1369,5.8216,4.5236,4.1919,3.2681,2.7826
13.103,13,6.7001,5.3675,4.2399,3.8661,3.021,2.6208
13.092,12.916,6.4238,5.1032,3.9366,3.6528,2.8551,2.4411
13.027,12.807,6.088,4.7958,3.534,3.3197,2.6211,2.2513
11.731,12.172,9.0045,7.9172,6.7039,6.1638,4.7445,4.0788
11.744,12.167,8.7337,7.7501,6.4822,6.0419,4.6181,3.9566
11.661,12.075,8.3792,7.3959,6.0873,5.7207,4.3837,3.8113
11.611,11.963,8.0768,7.1249,5.8292,5.4991,4.2633,3.6495
14.414,14.569,8.596,7.2696,5.8701,5.5033,4.2233,3.6466
14.309,14.475,8.2146,6.8964,5.613,5.2868,3.9897,3.473
14.369,14.46,7.978,6.6977,5.3673,5.0518,3.7669,3.2621
14.292,14.333,7.6235,6.3209,5.0208,4.7035,3.5724,3.0836
13.032,13.564,10.644,9.4077,8.1275,7.5906,5.6411,4.8548
13.025,13.545,10.314,9.2436,7.9413,7.4147,5.5416,4.7375
13,13.517,10.09,8.9807,7.605,7.1665,5.3315,4.6338
13.004,13.384,9.6854,8.6337,7.2426,6.8877,5.1527,4.3985
15.573,15.878,10.158,8.8289,7.3693,6.9111,5.1998,4.4737
15.529,15.824,9.7615,8.3443,7.0452,6.624,4.944,4.2787
15.535,15.733,9.4542,8.0557,6.7032,6.3121,4.7338,4.0581
15.528,15.75,9.1155,7.7175,6.3861,6.0475,4.5333,3.8947
14.351,14.851,12.019,10.644,9.3081,8.6675,6.471,5.6207
14.31,14.788,11.711,10.487,9.1666,8.5416,6.3263,5.454
14.267,14.747,11.455,10.285,8.9067,8.3465,6.1736,5.3906
14.273,14.757,11.138,10.046,8.6012,8.1091,6.0352,5.2721
16.836,17.154,11.585,10.155,8.6467,8.153,6.0876,5.3008
16.823,17.063,11.2,9.7527,8.3459,7.8933,5.8704,5.1227
16.75,16.977,10.88,9.4536,8.0124,7.6115,5.6263,4.8722
16.693,16.902,10.553,9.0487,7.5497,7.1803,5.4035,4.6961
15.776,16.262,13.32,11.896,10.526,9.7826,7.3141,6.3942
15.713,16.198,13.023,11.663,10.283,9.6077,7.1635,6.2179
15.707,16.151,12.82,11.447,10.061,9.432,6.9702,6.1425
15.63,16.057,12.492,11.205,9.8091,9.2447,6.8486,5.9746
17.631,17.978,12.826,11.317,9.9106,9.2709,6.8719,6.0295
17.679,17.961,12.443,10.931,9.5783,9.0315,6.679,5.8811
17.613,17.897,12.155,10.726,9.2596,8.7714,6.4672,5.6606
17.602,17.877,11.857,10.365,8.8697,8.4404,6.2554,5.4629
16.777,17.151,14.345,12.82,11.47,10.728,8.0361,7.1339
16.707,17.109,14.063,12.588,11.304,10.603,7.935,7.002
16.672,17.039,13.807,12.377,11.005,10.376,7.7237,6.8655
16.603,16.988,13.574,12.113,10.774,10.144,7.6137,6.7197
18.434,18.408,13.898,12.249,10.881,10.247,7.6001,6.7594
18.417,18.336,13.532,11.905,10.64,9.9827,7.4213,6.5925
18.408,18.347,13.281,11.696,10.378,9.8708,7.2563,6.4934
18.479,18.36,13.029,11.423,10.032,9.5723,7.1273,6.3365
17.503,17.761,15.263,13.675,12.307,11.524,8.6332,7.7674
17.459,17.754,15.036,13.505,12.143,11.399,8.5218,7.6534
17.526,17.78,14.843,13.354,11.876,11.214,8.325,7.5331
17.558,17.733,14.609,13.068,11.588,10.974,8.1914,7.3673
19.162,18.774,14.792,13.139,11.618,10.976,8.2361,7.3879
19.144,18.768,14.528,12.813,11.432,10.804,8.0202,7.231
19.173,18.764,14.334,12.697,11.25,10.625,7.8534,7.0596
19.148,18.732,14.093,12.374,10.927,10.416,7.7125,6.9249
18.183,17.986,15.74,14.159,13.05,12.157,9.1691,8.2087
18.273,18.009,15.559,14.018,12.895,12.074,9.0965,8.0809
18.197,18.018,15.385,13.911,12.674,11.918,8.9438,8.0154
18.154,17.906,15.152,13.634,12.407,11.673,8.816,7.8512
19.745,19.143,15.347,13.703,12.435,11.712,8.856,7.8709
19.741,19.225,15.073,13.437,12.194,11.549,8.6897,7.7458
19.832,19.105,14.948,13.281,12.023,11.383,8.5206,7.5869
19.72,19.083,14.708,13.023,11.738,11.152,8.3695,7.4878
18.674,18.337,15.945,14.424,13.341,12.197,9.2495,8.6015
18.673,18.311,15.758,14.235,13.193,12.1,9.1442,8.4891
18.659,18.273,15.609,14.137,13.036,11.984,9.0139,8.4166
18.653,18.271,15.42,13.878,12.805,11.834,8.9411,8.3338
20.17,19.725,15.637,13.957,12.855,11.847,8.9475,8.3256
20.195,19.699,15.418,13.644,12.646,11.68,8.7924,8.2162
20.222,19.719,15.255,13.53,12.465,11.597,8.6812,8.1205
20.088,19.652,15.051,13.304,12.237,11.408,8.5604,7.9725
19.021,18.776,16.353,14.463,13.386,12.371,9.4955,8.7703
19.079,18.788,16.161,14.343,13.237,12.338,9.4241,8.6884
19.037,18.778,16.012,14.195,13.05,12.19,9.2764,8.6357
18.975,18.698,15.762,14.016,12.838,11.998,9.1386,8.4455
20.663,20.271,16.077,14.031,12.836,12.02,9.145,8.4713
20.543,20.199,15.768,13.788,12.69,11.877,9.0412,8.4002
20.568,20.19,15.656,13.666,12.544,11.773,8.8774,8.2867
20.659,20.192,15.447,13.519,12.396,11.555,8.7348,8.1442
5.3705,6.1603,6.1789,5.7366,5.0012,4.5784,3.3705,2.8198
5.7141,6.8149,6.3627,5.8599,4.1421,3.2303,1.7287,0.70917
7.0228,8.0623,7.6675,7.4292,6.0542,4.9694,2.7997,1.3214
5.8839,7.7276,7.7606,7.8005,6.61,5.6642,3.4653,1.8673
0.35929,4.5978,6.5223,7.3656,6.5812,5.857,3.7134,2.1751
-6.0348,-2.3753,2.3405,5.7118,5.8595,5.6469,3.7446,2.3005
-8.2993,-7.3238,-3.7436,1.9714,4.5723,5.1965,3.7341,2.3651
-6.6621,-8.2416,-7.4206,-2.2583,2.3227,4.4371,3.482,2.2499
-0.89036,-5.7088,-7.5992,-4.941,-0.44356,3.6633,3.3237,2.2411
3.7143,-0.26735,-6.2382,-5.8621,-3.0731,2.6157,3.2011,2.265
5.5315,4.8252,-1.9516,-5.4683,-4.7834,0.72627,2.8323,2.1785
4.8559,6.2519,3.1099,-3.9858,-5.2745,-1.1187,2.5062,2.1657
-0.44503,5.5869,4.6382,-1.2009,-5.2414,-2.6393,2.1373,2.1169
-5.6813,2.8582,5.0527,2.1374,-4.9215,-3.9143,1.7569,2.0773
-5.9788,-1.2154,6.1469,5.8376,-2.8439,-3.6515,2.1925,2.9111
-4.0606,-4.6522,4.7845,6.4485,-0.52225,-3.769,1.3206,2.8013
1.649,-4.6645,0.33577,6.3387,2.0512,-3.7449,0.38322,2.6582
5.2167,-2.9647,-3.3194,5.8632,4.1613,-3.4066,-0.31927,2.5752
6.5206,1.8969,-3.9007,4.7896,5.0663,-2.7069,-1.0241,2.4536
5.5882,6.0251,-3.7306,1.4548,5.0274,-1.7637,-1.6358,2.3623
-0.15961,6.1772,-2.0744,-1.3546,4.8397,-0.26994,-1.9692,2.2776
-4.1177,5.971,2.1585,-2.4085,4.7249,1.3059,-2.0811,2.2235
-4.6279,4.1254,5.3013,-2.4903,4.3363,3.2443,-2.0467,2.1817
-2.521,-0.98486,5.188,-2.5206,2.6019,4.0648,-2.0792,2.0665
3.0246,-3.1765,5.1256,-1.1413,0.38086,4.2009,-2.05,2.0537
5.524,-3.0069,5.0471,1.5652,-1.493,4.1539,-2.0494,2.0023
5.9175,-1.534,2.9598,4.6481,-2.5652,4.2051,-1.8666,1.9516
5.6271,3.7394,0.70427,6.9867,-1.3861,5.8907,-0.2672,2.8205
0.15539,7.034,-1.0004,7.0578,-1.5837,5.6003,-0.12551,2.4383
-2.6756,7.2068,-1.6107,6.9591,-1.1064,5.2701,0.30352,2.1165
-2.6146,7.1327,-0.66702,6.5372,0.050592,4.5182,0.97702,1.7728
0.39463,5.0037,2.0739,4.6107,1.9444,2.9483,1.5785,1.5259
5.8625,1.5975,5.8654,2.0982,3.8892,1.6986,2.218,1.2642
7.7614,-0.36945,7.2028,0.31859,5.5968,0.49494,2.8663,1.0509
7.3623,-0.71467,7.2736,-0.59109,6.0385,-0.55861,3.3068,0.63209
4.1212,0.087923,7.0504,-0.62777,6.2006,-1.0224,3.6197,0.35957
-1.0287,3.541,5.9927,-0.11372,6.18,-1.33,3.7297,-0.014058
-2.7354,7.1125,2.1483,1.4066,5.9985,-1.4016,3.8302,-0.27197
-2.3124,7.5001,-0.72953,4.229,5.1717,-1.2386,3.8931,-0.42171
1.7876,7.6966,-1.2774,6.7297,3.2646,-0.9711,3.9597,-0.59207
8.6865,6.8925,0.67068,8.7793,2.1251,0.91439,4.9942,0.32063
9.5467,2.0088,1.4767,8.8449,0.44587,1.9962,5.0589,0.18268
8.7955,0.97041,5.5761,8.952,0.11498,3.6119,5.1532,0.12056
4.714,0.47223,8.8762,7.861,0.030083,5.4857,5.2901,0.023353
-0.95596,0.43192,9.2767,4.4623,-0.24945,6.6283,5.0438,-0.13733
-1.7343,5.1799,9.5894,1.6337,0.013532,7.2945,4.4201,-0.25698
-0.072664,9.358,9.1777,0.74483,1.1452,7.8171,3.7826,-0.41426
4.5499,10.54,5.8597,0.43207,3.6292,8.0677,2.9971,-0.61026
9.8935,10.236,1.3408,0.27837,6.0801,8.1858,2.1052,-0.67143
10.444,6.7615,-0.51712,0.85384,7.7664,7.9432,1.2247,-0.81318
8.4552,1.1385,-1.2261,3.6223,8.7216,7.3153,0.41364,-0.92346
3.05,-1.6986,-0.79852,7.0916,9.154,6.0772,-0.1103,-0.97059
-2.2056,-2.2449,2.8352,9.4632,9.1245,4.3285,-0.62066,-1.0804
-0.94555,2.0058,9.783,12.098,9.7261,3.5512,-0.13198,-0.27298
1.3325,7.5514,12.943,12.378,7.9476,1.7082,-0.44066,-0.23763
7.0803,12.567,14.045,11.685,5.3734,0.43659,-0.63387,-0.20377
12.687,13.662,13.47,8.6719,2.1383,-0.62068,-0.84954,-0.12536
13.325,12.915,10.114,4.2278,-0.35189,-1.4856,-0.96086,-0.0065424
10.681,8.2308,3.6515,0.14634,-2.0349,-2.119,-0.99114,0.15335
3.5803,1.0047,-1.746,-2.342,-3.118,-2.292,-0.76852,0.49732
-2.5184,-3.7717,-4.3698,-3.2777,-3.1932,-1.7842,-0.20792,0.88053
-3.7324,-3.9192,-3.6533,-2.082,-1.6799,-0.26148,0.81075,1.4923
-0.19132,0.15341,0.53571,1.4158,1.5616,2.3726,2.1771,2.2342
7.1004,7.6214,7.6869,6.9469,5.8608,5.2771,3.7566,3.071
13.268,13.596,13.697,11.634,9.4861,8.1069,5.3852,3.9204
14.3,14.581,15.379,13.697,11.679,10.082,6.4888,4.6425
13.468,15.413,16.504,14.75,13.48,12.177,8.1634,5.845
6.8006,10.853,14.351,14.243,13.468,12.602,8.6241,6.2943
1.0501,3.9647,8.6363,11.932,12.702,12.513,8.8768,6.641
-0.72532,-0.0091894,2.696,7.6949,10.678,11.997,8.9439,6.8163
1.6383,-0.38303,0.18384,3.8052,8.1442,11.233,8.8538,7.0147
7.8188,2.5527,0.4518,1.6357,5.199,9.9923,8.6975,7.1156
13.125,8.6259,2.0912,1.286,2.7738,8.3278,8.4921,7.2244
14.584,13.358,6.4973,1.9266,1.7391,6.41,8.149,7.2232
11.96,14.261,11.464,3.1229,1.292,4.5166,7.6765,7.1861
6.2304,13.523,14.078,6.1127,1.4734,3.1053,7.1252,7.1337
1.8805,9.6175,14.186,9.4575,1.9412,2.2894,6.4531,7.0609
0.89249,4.4476,13.308,11.927,2.815,1.9683,5.7049,6.9536
3.2051,2.4342,10.299,12.455,5.1129,1.9673,4.8668,6.8249
10.271,4.4722,7.3985,13.449,8.7778,3.2867,4.9999,7.5307
14.339,5.8596,5.2238,12.796,10.642,3.7518,4.2534,7.436
15.255,10.518,4.6991,10.904,11.952,4.335,3.5514,7.3786
12.161,14.018,5.3641,7.8573,12.142,4.6932,3.3066,7.242
6.4137,13.967,6.2948,5.5846,11.972,6.0476,3.298,7.2013
3.498,13.667,10.316,5.3513,11.608,7.5189,3.1204,7.0963
3.1786,10.501,13.722,5.267,10.343,9.1998,3.1203,7.009
5.9442,6.4174,14.395,5.6702,8.5378,10.367,3.1383,6.8504
11.455,5.8358,14.463,6.7285,6.4873,11.025,3.2037,6.6831
14.504,6.0455,13.129,8.7995,5.3741,11.224,3.2352,6.4997
14.455,7.7159,9.6349,11.409,4.6798,11.267,3.3909,6.2157
10.685,10.307,6.9015,12.675,4.2155,11.146,3.7365,5.9166
5.4985,13.184,5.4619,12.721,4.2422,10.809,3.9986,5.6352
4.5244,14.852,6.5352,13.698,6.1125,11.009,5.1986,5.9846
4.9779,14.551,7.9351,12.81,7.2222,10.004,5.737,5.7136
8.8693,11.789,10.182,10.65,8.5743,8.5941,6.0595,5.4016
13.88,9.3322,13.549,9.0397,10.33,7.7165,6.6679,5.1761
16.056,7.7741,15.501,7.7934,11.695,6.7998,7.2473,4.9612
15.141,7.6568,15.68,6.9835,12.664,6.0057,7.9356,4.6559
10.834,8.5276,15.144,6.8816,12.812,5.4375,8.2695,4.4135
5.9099,11.681,12.612,7.3214,12.644,5.066,8.5234,4.1125
4.4047,14.622,9.0829,8.5702,11.888,4.9757,8.6824,3.8008
5.4992,15.091,7.2167,11.033,10.745,5.2004,8.7774,3.6195
10.159,15.045,6.5818,13.347,9.1116,5.7649,8.868,3.4461
14.906,12.082,6.9547,13.965,6.9722,6.2591,8.8727,3.2833
16.202,8.3634,8.1942,14.053,6.0666,7.3419,8.9072,3.2292
15.677,8.4148,13.278,14.846,6.4102,9.629,9.4379,3.6696
10.842,7.9098,16.001,13.488,6.0707,11.188,9.4064,3.6149
5.8571,8.9375,16.783,10.732,6.1319,12.344,9.0355,3.4556
5.1389,13.429,16.909,8.2063,6.6714,13.046,8.4155,3.4074
7.2784,16.77,15.679,7.4038,7.7568,13.393,7.8272,3.2898
12.755,17.467,12.257,6.9886,10.151,13.687,7.1427,3.2
17.094,17.014,8.1848,6.849,12.064,13.654,6.3515,3.0433
17.683,13.359,6.7839,7.8976,13.599,13.382,5.494,2.8672
14.998,8.3162,6.2563,10.753,14.363,12.654,4.6096,2.6318
9.2267,5.6974,6.7471,13.603,14.57,11.314,3.8474,2.4798
4.3948,4.9869,10.812,15.532,14.431,9.6397,3.1942,2.3978
4.4135,8.7093,15.366,16.024,13.695,7.995,2.8616,2.4529
7.7062,14.298,17.688,16.182,11.866,6.0357,2.5071,2.5021
15.112,18.401,18.511,16.056,10.693,5.5701,2.9827,3.3641
18.649,18.998,18.141,13.762,7.7344,4.4455,2.8032,3.5515
19.025,18.355,15.459,10.096,5.0057,3.6132,2.7266,3.7931
16.355,14.454,10.082,6.1274,3.3548,3.1472,2.92,4.0862
9.7655,7.9283,4.8048,3.5654,2.5077,3.3185,3.4512,4.5848
4.0865,3.3429,2.5439,3.0474,2.8781,4.2559,4.3069,5.1721
3.4704,3.7441,3.933,5.0292,5.087,6.2861,5.5671,5.6949
8.1554,9.0936,9.2282,9.3959,8.8639,9.028,7.009,6.4228
15.385,16.077,15.473,13.943,12.369,11.434,8.3105,7.1256
18.924,18.877,18.366,16.485,14.684,13.415,9.4379,7.7683
19.29,19.395,19.082,17.291,15.695,14.41,10.098,8.1922
17.019,18.548,18.758,17.423,15.974,15.001,10.63,8.6163
11.132,15.177,17.346,16.817,15.919,15.159,10.933,8.9494
7.1801,10.433,14.15,15.974,15.859,15.398,11.306,9.7638
5.772,6.3532,8.8773,12.836,14.791,15.176,11.308,9.9373
9.5571,6.7282,6.4954,9.4299,12.968,14.82,11.294,10.098
15.79,11.14,7.2323,7.3523,10.722,14.121,11.238,10.199
19.052,16.35,9.4734,7.3494,8.2937,12.972,11.133,10.284
19.406,18.758,13.971,7.7015,6.9563,11.412,10.98,10.332
17.218,19.298,17.372,9.832,7.0848,10.004,10.783,10.339
11.856,18.36,18.488,12.607,7.1798,8.3816,10.41,10.309
7.8743,15.218,18.491,15.145,7.3657,7.3635,9.8894,10.258
7.2026,10.915,17.779,16.465,8.8665,7.3761,9.3696,10.241
11.166,9.3751,15.637,16.8,11.251,7.4911,8.7624,10.201
16.354,10.109,11.959,16.645,13.278,7.6415,8.046,10.102
18.756,12.211,10.296,16.054,14.657,8.0844,7.3479,10.068
19.536,17.361,11.29,15.332,15.659,9.2459,7.3377,10.435
16.913,18.663,11.842,12.982,15.733,9.9616,7.0016,10.337
12.165,18.972,13.377,11.239,15.577,11.359,6.9535,10.281
9.3392,18.315,16.772,10.941,15.271,12.671,6.8719,10.206
9.6397,16.15,18.117,11.025,14.706,13.871,6.8554,10.135
13.608,12.81,18.538,11.423,13.331,14.454,6.8956,10.056
18.084,12.318,18.431,12.431,11.553,14.761,6.9339,9.9196
19.276,12.507,17.644,14.696,10.485,14.819,6.9672,9.7502
19.166,14.371,15.295,16.192,9.7579,14.848,7.1051,9.5005
15.993,17.251,12.894,16.696,9.4045,14.702,7.3376,9.2513
11.181,18.288,11.544,16.824,9.4363,14.399,7.5754,8.9429
9.0295,18.492,11.459,16.52,10.117,13.974,8.1117,8.7271
10.418,18.051,12.921,15.914,11.426,13.343,8.6124,8.5233
15.685,16.528,15.804,14.786,13.339,12.603,9.3564,8.5488
19.108,14.258,17.768,13.152,14.716,11.795,9.8293,8.2482
19.958,13.331,18.533,12.198,15.359,10.927,10.182,8.0109
19.376,13.471,18.828,11.86,15.708,10.394,10.501,7.7554
15.737,14.562,18.166,11.942,15.869,9.9824,10.722,7.4426
11.691,17.469,16.855,12.348,15.678,9.813,10.862,7.1398
10.239,18.737,14.157,13.739,15.395,9.7675,11.005,6.8778
12.278,19.162,12.811,15.711,14.725,10.032,10.995,6.6541
16.653,18.573,12.407,16.689,13.4,10.381,11.02,6.4216
19.646,16.512,12.822,17.212,11.451,10.7,10.996,6.2007
19.84,13.658,14.215,17.27,10.658,11.844,11.027,6.057
18.91,12.945,17.09,16.81,10.124,12.937,10.924,5.9112
14.603,12.277,18.343,15.859,9.9592,13.965,10.843,5.7851
11.716,14.877,19.264,14.275,10.71,14.65,10.778,6.2537
11.159,17.925,19.15,12.139,10.787,14.98,10.403,6.0977
13.827,19.808,18.217,11.84,12.344,15.283,10.013,6.0329
18.034,20.227,15.798,11.686,14.055,15.351,9.4346,5.9018
20.472,19.53,12.832,11.098,15.224,15.283,8.9089,5.7759
20.371,16.72,12.331,12.585,15.917,15.038,8.3188,5.5956
18.911,13.257,11.85,14.781,16.373,14.621,7.7559,5.5754
14.628,11.544,12.768,16.675,16.468,13.784,7.2265,5.5479
10.576,11.391,15.945,17.716,16.323,12.585,6.7542,5.5654
10.621,14.768,18.572,18.224,15.69,11.496,6.4027,5.6952
14.244,18.428,20.072,18.191,14.711,10.224,6.2147,5.8569
18.673,20.746,20.427,17.196,13.186,9.0137,6.0594,6.0615
21.002,21.122,19.486,15.417,10.941,8.0578,5.9188,6.3351
21.213,20.396,17.519,13.216,9.592,8.1995,6.3888,7.245
19.084,16.924,13.945,10.699,8.2706,7.9911,6.7157,7.5502
14.651,13.038,10.583,9.1652,7.9148,8.5029,7.2162,7.834
10.811,10.133,9.2137,9.1507,8.6905,9.4022,7.8227,8.1585
10.769,11.046,10.988,10.966,10.657,10.771,8.6293,8.5162
14.857,15.019,14.71,13.667,12.791,12.186,9.4288,8.8419
19.375,18.985,18.322,16.236,14.751,13.403,10.018,9.1928
21.781,21.199,20.502,18.129,16.139,14.611,10.613,9.5652
21.908,21.658,21.081,18.911,17.015,15.418,11.115,9.8733
19.314,20.546,20.537,18.999,17.334,15.909,11.504,10.157
14.876,17.181,18.738,18.378,17.241,16.217,11.852,10.391
11.209,13.183,15.613,16.715,16.595,16.127,12.019,10.558
11.234,10.829,12.182,14.321,15.622,15.86,12.087,10.713
5.5215,6.3816,6.477,6.0344,5.086,4.6302,3.5001,2.8786
9.2008,10.163,10.338,9.1978,7.2258,1.6549,0.72324,0.59891
9.2891,10.165,10.35,9.1182,7.0692,0.93178,0.080902,0.048817
9.2413,10.133,10.334,9.1564,7.0031,0.4003,-0.37496,-0.33007
9.2589,10.151,10.323,9.1024,6.9138,-0.033409,-0.74429,-0.6463
10.563,11.54,11.728,10.405,8.0814,0.70441,-0.34579,-0.31732
10.545,11.474,11.721,10.333,8.0081,0.40673,-0.51363,-0.47594
10.63,11.571,11.735,10.317,7.9623,0.17486,-0.70464,-0.62657
10.571,11.506,11.73,10.382,7.966,0.0047976,-0.87579,-0.80389
10.573,11.678,11.886,10.592,8.3523,2.9619,1.5597,1.347
10.563,11.631,11.85,10.542,8.1642,2.2151,0.9062,0.79056
10.631,11.599,11.816,10.45,8.0238,1.5988,0.34565,0.2998
10.61,11.602,11.823,10.445,7.9035,1.1949,-0.026688,0.010099
11.91,12.92,13.136,11.553,9.1139,1.864,0.39089,0.32544
11.824,12.899,13.085,11.574,9.0816,1.6056,0.23538,0.1834
11.815,12.864,13.024,11.497,9.0103,1.3812,0.049752,0.036358
11.803,12.893,13.112,11.537,8.9467,1.1969,-0.10845,-0.11194
12.042,13.099,13.272,11.884,9.5276,4.0496,2.3148,1.9816
11.974,13.035,13.205,11.792,9.3244,3.2459,1.6143,1.4287
12.013,13.049,13.159,11.689,9.2024,2.5531,1.0154,0.89956
11.972,12.991,13.136,11.666,9.0841,2.2042,0.74369,0.57632
13.187,14.238,14.273,12.721,10.115,2.8051,1.0174,0.8863
13.201,14.258,14.329,12.795,10.149,2.6738,0.94605,0.76251
13.302,14.286,14.295,12.772,10.147,2.5227,0.85127,0.65315
13.207,14.258,14.271,12.743,10.069,2.313,0.63584,0.55304
13.267,14.239,14.355,12.802,10.592,5.0952,3.1207,2.7222
13.233,14.177,14.284,12.733,10.43,4.2277,2.4852,2.171
13.241,14.188,14.264,12.718,10.323,3.5221,1.7698,1.6313
13.219,14.183,14.249,12.673,10.189,3.1298,1.2348,1.1389
14.416,15.416,15.373,13.802,11.24,3.7306,1.7844,1.6102
14.416,15.407,15.406,13.757,11.193,3.4469,1.5108,1.4094
14.429,15.365,15.346,13.727,11.107,3.3141,1.2979,1.1993
14.386,15.389,15.374,13.783,11.124,3.1958,1.2116,1.1017
14.594,15.584,15.451,13.901,11.638,6.1929,3.9612,3.5168
14.657,15.555,15.44,13.829,11.49,5.2759,3.3096,2.9393
14.635,15.564,15.412,13.788,11.381,4.5688,2.5732,2.3976
14.625,15.531,15.372,13.728,11.285,3.9702,1.9438,1.8509
15.533,16.549,16.345,14.65,12.292,4.6347,2.5028,2.3276
15.543,16.537,16.316,14.63,12.241,4.3436,2.2595,2.1491
15.469,16.5,16.295,14.63,12.174,4.1015,1.9754,1.8396
15.504,16.524,16.297,14.63,12.15,3.9926,1.7465,1.6505
15.834,16.608,16.432,14.807,12.626,7.3154,4.7843,4.2613
15.843,16.618,16.403,14.753,12.501,6.4748,4.1754,3.7095
15.844,16.629,16.419,14.746,12.39,5.6593,3.4202,3.1496
15.773,16.623,16.351,14.702,12.292,5.0408,2.7669,2.5674
16.678,17.427,17.186,15.457,13.231,5.8422,3.3749,3.0753
16.752,17.439,17.148,15.451,13.184,5.4861,3.1198,2.9013
16.713,17.426,17.179,15.423,13.133,5.1615,2.8625,2.617
16.615,17.352,17.1,15.385,13.022,4.9007,2.6227,2.3533
16.854,17.506,17.271,15.531,13.513,8.2528,5.5739,5.078
16.828,17.489,17.24,15.509,13.395,7.4492,4.9383,4.4672
16.826,17.469,17.205,15.456,13.277,6.6359,4.2257,3.9506
16.795,17.466,17.201,15.405,13.181,5.8945,3.6377,3.3443
17.661,18.126,17.835,16.027,13.995,6.7241,4.2139,3.8969
17.527,18.13,17.837,16.017,13.913,6.3455,3.9546,3.6389
17.577,18.098,17.788,16.005,13.84,6.0028,3.6658,3.3492
17.646,18.104,17.834,16.02,13.783,5.7253,3.464,3.1373
17.594,17.925,17.686,15.968,14.236,9.1348,6.323,5.7391
17.535,17.898,17.661,15.947,14.124,8.3212,5.7013,5.1654
17.564,17.892,17.644,15.911,14.01,7.5569,5.0382,4.6221
17.545,17.895,17.621,15.913,13.944,6.8562,4.443,4.0794
18.309,18.34,18.141,16.366,14.565,7.6318,5.0256,4.57
18.293,18.377,18.143,16.357,14.507,7.2738,4.7508,4.3682
18.169,18.344,18.064,16.34,14.465,6.9004,4.4235,4.0406
18.191,18.364,18.108,16.382,14.449,6.6449,4.1927,3.8193
18.141,18.051,17.801,16.056,14.715,10.035,7.059,6.5107
18.222,18.174,17.767,16.024,14.587,9.1867,6.3968,5.912
18.182,18.189,17.786,16.043,14.59,8.4769,5.7868,5.3994
18.126,18.068,17.861,16.057,14.537,7.7164,5.0942,4.7468
18.787,18.554,18.205,16.554,15.069,8.574,5.7164,5.2905
18.868,18.638,18.263,16.575,15.027,8.2032,5.4461,5.1187
18.846,18.551,18.25,16.56,15.053,7.9163,5.1706,4.8049
18.792,18.492,18.191,16.499,14.933,7.5161,4.8173,4.5395
18.608,18.448,18.12,16.293,14.801,10.455,7.5281,6.9593
18.664,18.466,18.142,16.283,14.799,9.8145,7.0951,6.3592
18.696,18.428,18.114,16.265,14.749,9.1758,6.5791,5.8414
18.6,18.421,18.136,16.271,14.76,8.5604,5.9829,5.3447
19.291,19.123,18.671,16.739,15.162,9.2387,6.482,5.7422
19.198,19.022,18.65,16.704,15.122,8.9107,6.2283,5.5376
19.316,19.117,18.643,16.696,15.12,8.6054,5.9725,5.3293
19.199,19.059,18.627,16.695,15.149,8.3751,5.7084,5.1242
19.015,18.872,18.574,16.576,14.856,10.711,7.7242,7.3734
18.909,18.816,18.498,16.535,14.79,10.053,7.3855,6.8987
19.031,18.831,18.526,16.53,14.782,9.4738,6.9156,6.5135
18.956,18.892,18.522,16.538,14.818,8.9825,6.3714,6.0342
19.505,19.454,19.045,17.068,15.189,9.5677,6.8491,6.4422
19.52,19.518,19.044,17.08,15.275,9.3569,6.6589,6.3266
19.664,19.514,19.062,17.068,15.219,9.0744,6.3946,6.0826
19.647,19.52,19.1,17.076,15.26,8.8327,6.1695,5.8472
5.5421,6.2563,6.4112,5.9524,4.9468,4.5598,3.4016,2.8513
-8.691,-8.3236,-7.658,-5.5258,-4.6664,-3.4354,-1.9048,-1.2625
-7.3404,-8.4294,-8.9491,-7.4892,-6.7784,-5.6613,-3.3139,-2.1438
2.3814,-0.29737,-4.1509,-5.7419,-6.6747,-6.3319,-4.1755,-2.7622
6.0797,6.468,4.2777,-0.37791,-4.7924,-5.9915,-4.5522,-3.2007
3.3006,6.6047,6.3056,4.9351,-0.66634,-4.6818,-4.534,-3.5208
-5.6491,0.53017,5.0118,5.9215,3.2042,-2.3793,-4.3185,-3.7234
-7.3053,-6.4711,0.025354,4.9638,4.4213,0.032101,-3.8017,-3.855
-0.35309,-6.3028,-5.7924,2.4074,4.5286,2.6946,-2.8814,-3.9702
4.3274,0.078673,-5.96,-2.3714,3.6742,3.349,-1.8045,-3.9182
4.1396,4.9233,-2.5986,-4.3596,1.7182,3.6422,-0.6059,-3.7788
-3.6097,4.7945,3.2536,-4.2076,-1.7912,3.2899,0.70959,-3.5969
-6.8575,-0.21436,3.8009,-2.0308,-3.8856,2.9058,1.5611,-3.4636
-1.9779,-5.0083,3.4786,2.6704,-4.094,2.1972,1.8789,-3.2316
5.3518,-3.1251,1.7045,5.5294,-3.0331,0.99081,2.9421,-2.0658
5.857,2.0572,-2.9097,5.423,-1.0144,-1.1777,2.8027,-1.9393
-0.69586,5.6911,-3.4129,4.8718,2.4464,-2.4083,2.7077,-1.6672
-4.6562,5.3782,-0.7108,0.95387,4.2319,-2.9761,2.6224,-1.3068
-1.4503,1.6464,4.6961,-1.8832,4.4117,-2.9366,2.5696,-0.78097
4.8841,-2.785,4.981,-2.6718,4.2942,-2.0121,2.553,-0.23577
5.5607,-2.415,4.8692,-1.2268,3.8622,-0.41945,1.9669,0.15944
0.65877,2.2148,1.9377,2.339,1.6011,1.5913,0.92564,0.60872
-4.613,5.1425,-2.8509,4.8116,-1.4331,3.5205,0.070959,1.0717
-2.91,5.2396,-3.6028,5.0235,-3.0944,3.8767,-0.95421,1.5407
4.8529,1.6515,-0.33326,5.1782,-3.0646,4.1672,-1.6273,1.7828
5.8227,-2.6012,4.8719,2.7629,-1.7977,4.3048,-1.8942,1.9729
1.9889,-3.0713,5.0146,-1.3184,0.80548,4.1878,-2.0224,2.0648
-2.8114,3.627,7.1368,-0.65395,5.3705,4.7548,-0.64311,3.2378
-2.0567,7.8476,2.9961,-0.65003,6.4709,2.3061,-0.81154,3.2522
5.2551,8.0693,-1.3659,1.5744,6.5976,-0.1654,-0.79607,3.32
8.2562,2.7841,-1.7065,6.3594,6.4827,-1.5305,-0.18036,3.3955
5.1157,-2.1357,0.36866,7.7626,4.0992,-2.0702,1.0277,3.6527
-3.3057,-2.5398,6.6637,7.8264,0.35045,-2.3672,2.2377,3.8508
-2.9456,3.985,8.6789,5.7701,-2.4322,-1.9665,3.4003,4.0228
3.6342,9.4174,8.2463,0.83167,-3.2231,-0.15691,4.1534,4.1421
9.0722,9.1154,2.774,-2.8521,-3.0745,2.4107,4.784,4.2369
6.8377,1.8568,-4.1191,-3.9846,-0.46719,5.3061,5.2577,4.2428
-2.4868,-5.6787,-5.7768,-1.2966,3.9174,7.0403,5.5799,4.298
-5.3528,-4.2278,-0.17227,5.1614,7.7028,8.138,5.8388,4.2362
0.79935,5.1587,8.7934,9.8941,9.4921,8.6967,5.7875,3.9018
11.58,12.747,13.331,12.319,10.979,9.5791,6.2176,4.1625
11.649,12.246,12.354,10.805,8.6714,7.2159,4.6317,3.2149
2.6968,3.5451,3.8008,3.7869,3.2596,2.8972,2.428,1.9877
-5.0554,-5.2814,-4.9821,-3.2091,-2.4798,-1.0477,0.21702,0.89844
-2.7094,-4.4493,-6.0319,-5.3672,-5.1515,-3.5725,-1.5219,0.0030941
7.9935,5.41,0.79917,-2.1948,-4.2367,-4.009,-2.2835,-0.68154
11.363,11.672,9.6643,4.0792,-1.2044,-2.9619,-2.1555,-0.934
6.8609,11.221,11.96,9.6734,3.4954,-1.2163,-1.7915,-1.0644
-1.3112,4.0578,10.205,10.646,7.4023,1.1271,-1.2878,-1.0982
-2.5665,-1.878,3.7718,9.5495,8.9638,3.9691,-0.7474,-1.0778
5.2464,-1.0043,-1.0247,5.8968,9.0813,6.6055,0.010389,-0.87118
10.064,5.8045,-0.64156,1.2167,7.9,7.7985,0.97141,-0.73067
8.4517,10.413,2.5323,0.23782,5.2363,8.0143,2.298,-0.66875
1.8743,11.142,10.322,2.2195,2.8444,9.0254,4.4476,0.19875
-0.28659,4.9158,11.074,3.7564,1.5054,8.3351,5.318,0.34975
5.0719,2.0879,10.606,8.4989,1.3915,6.763,6.0397,0.59607
10.799,3.0341,5.5111,10.201,1.8973,4.3096,6.0991,0.83047
10.715,7.5064,2.5098,10.1,3.0306,2.37,5.9709,1.0777
3.1568,10.625,2.2838,8.6558,6.5286,1.956,5.9453,1.272
0.2535,9.976,4.2711,4.3572,8.4782,1.6756,5.9219,1.5447
3.4573,5.2165,9.7447,3.0296,9.0728,1.8305,5.794,1.922
10.407,2.9488,10.735,2.7726,8.8581,2.5188,5.2662,2.2464
10.712,3.7196,10.256,3.8599,7.4902,3.3708,4.3685,2.4981
4.1837,7.2416,5.475,6.4464,4.6257,5.069,3.3113,2.9508
0.33841,10.345,2.6394,9.5348,2.7584,7.2708,2.7057,3.5555
2.7896,10.003,2.4023,9.9253,1.8195,8.2189,2.2646,4.023
11.631,6.997,6.2301,10.857,3.2084,9.857,2.6345,5.234
12.55,4.4453,11.542,7.3842,4.0868,9.8557,2.3054,5.6152
6.9964,4.3618,12.459,4.7563,6.1968,9.461,2.191,5.86
1.8193,8.9846,12.048,3.8052,9.214,7.9387,2.1238,6.0532
2.759,12.285,6.7263,3.9841,10.504,5.378,2.1083,6.1659
10.721,12.394,3.8362,6.2013,10.747,3.4158,2.3004,6.2716
13.089,6.6007,3.3257,10.623,10.066,2.8062,2.843,6.4464
8.7447,3.0226,5.7709,12.085,7.4207,2.1395,3.8845,6.5933
0.92985,2.5403,11.823,12.104,3.7837,1.8427,5.1119,6.742
1.8298,9.3916,13.991,9.2651,1.9823,2.3404,6.2997,6.9171
8.8015,13.914,13.035,4.6154,1.5172,3.8915,7.2629,7.039
14.297,13.18,6.462,1.8055,1.6535,6.31,7.8884,7.0545
10.986,5.4844,1.0917,1.3064,3.7461,9.086,8.3673,6.9691
2.9684,0.9515,1.4655,4.8142,9.1744,12.093,9.3893,7.5915
1.2903,2.8457,6.7729,10.893,12.661,13.049,9.5045,7.3648
8.0497,12.008,15.095,14.967,14.151,13.306,9.2621,6.8242
16.187,17.044,17.351,15.38,13.92,12.491,8.4414,6.2145
15.703,16.156,15.765,13.768,11.426,10.006,6.7459,5.2716
5.951,6.969,6.9938,6.8293,6.0287,5.8728,4.7389,4.1824
-0.79915,-0.85212,-0.60928,0.57235,0.96661,2.2695,2.7487,3.1497
3.107,1.0104,-0.6108,-0.54219,-0.64258,0.42365,1.2077,2.3093
13.376,11.009,6.4929,2.6114,0.63417,0.49035,0.73789,1.775
16.119,16.133,14.597,8.6512,3.1745,1.3116,0.7094,1.3145
9.9572,15.146,16.497,13.553,7.6006,2.7325,0.89402,1.0876
2.7259,7.591,14.288,14.212,11.025,5.0149,1.3154,1.078
2.1739,2.3799,7.2548,13.136,12.715,7.6129,1.7943,1.0432
11.881,5.1211,4.5991,10.235,13.519,11.169,3.4254,1.9193
16.526,12.497,5.5299,6.2745,12.243,12.477,4.6364,2.2122
12.917,16.095,9.3546,5.6092,9.4876,12.676,5.8682,2.4358
5.5328,15.083,14.731,6.1389,6.216,12.328,6.9103,2.5332
4.006,8.8229,15.616,8.2395,4.9981,11.392,7.9161,2.6354
10.326,6.4855,14.449,12.562,4.8097,9.7187,8.5127,2.8538
15.799,7.8589,9.3302,13.843,5.6193,7.6155,8.682,3.0631
14.12,12.61,6.6838,13.726,7.1858,6.1539,8.6552,3.2202
6.527,14.904,6.575,11.816,10.197,5.2226,8.619,3.4563
4.4125,14.194,9.3853,8.1394,12.014,4.9526,8.507,3.7233
8.7547,9.2781,14.176,6.8922,12.606,5.177,8.1983,4.1727
15.26,7.4336,15.413,6.7764,12.301,6.0326,7.6621,4.5731
14.811,8.5751,14.16,8.1346,10.686,7.4032,6.739,5.0106
9.3591,13.641,11.13,12.059,9.5675,9.9529,6.7952,6.1446
5.4115,16.167,8.1315,14.337,7.5386,11.777,6.1551,6.6075
9.1219,15.582,8.2574,14.507,6.5366,12.651,5.4763,7.0086
15.922,11.271,11.193,14.101,6.7273,13.056,5.0811,7.3891
16.543,8.768,15.565,10.951,7.9046,12.962,4.7718,7.8334
10.415,8.7405,16.472,8.5323,10.173,12.429,4.6536,8.1612
5.3644,13.952,15.396,7.5828,12.718,10.954,4.5776,8.3286
7.6195,16.647,10.386,7.9396,13.661,8.7711,4.6696,8.4766
15.292,16.338,7.8573,10.687,13.882,6.7076,4.8345,8.6033
17.209,10.485,7.6177,14.381,13.083,6.0046,5.4682,8.7185
12.013,7.2955,10.705,15.046,10.442,5.4822,6.6308,8.8563
4.7637,7.3792,15.882,15.082,7.1462,5.315,7.6203,8.9717
6.125,14.36,17.286,12.346,5.2661,5.6037,8.641,9.0808
15.256,18.362,16.966,9.279,6.0672,8.7271,10.125,9.7386
18.67,17.783,11.305,6.4256,6.1638,10.939,10.62,9.6825
15.373,10.619,6.0895,5.9456,9.0678,13.224,10.852,9.5518
6.2659,4.5682,5.2699,9.0629,12.736,14.571,10.956,9.3631
5.2083,7.8499,11.92,14.642,15.328,15.02,10.959,9.1471
13.263,16.637,17.851,16.848,15.83,15.031,10.746,8.7544
18.84,19.075,18.805,17.073,15.662,14.437,10.156,8.2135
17.905,18.197,17.619,15.646,13.871,12.682,8.9662,7.4443
9.2807,10.426,10.471,10.26,9.5006,9.2862,7.1131,6.4176
3.0628,3.1551,3.133,4.0522,4.115,5.326,5.1156,5.4666
8.6048,6.5996,3.9264,3.1838,2.4702,3.336,3.6032,4.7853
17.602,16.059,11.857,7.1694,3.8086,3.2884,2.8474,4.0011
18.682,18.776,17.7,12.985,7.2345,4.2986,2.7792,3.6321
13.96,18.429,18.943,16.581,12.371,7.0924,3.814,4.1049
7.2182,12.055,17.351,17.129,14.81,9.675,4.2244,3.9452
8.6829,7.6967,11.807,15.974,15.553,12.026,4.8706,3.8152
16.566,10.023,8.6012,13.042,15.449,13.825,5.9526,4.0101
19.104,16.811,9.4414,9.2857,14.466,14.544,7.0794,4.293
15.719,18.609,13.657,9.0371,12.339,14.606,8.2209,4.48
8.7549,17.496,17.554,9.3853,9.1535,14.426,9.2506,4.6238
7.9812,12.022,17.658,12.072,8.1985,13.824,9.9902,4.716
15.087,10.313,16.909,15.455,8.1493,12.458,10.343,4.8443
18.535,11.714,12.361,16.092,8.892,10.48,10.458,4.9443
17.038,16.701,10.347,15.97,10.784,8.9645,10.456,5.1466
9.8019,17.708,10.573,14.527,13.501,8.3482,10.437,5.5157
8.1849,17.079,13.8,11.564,14.768,8.0305,10.364,5.8578
14.675,13.859,17.706,11.026,15.319,9.067,10.458,6.9666
18.877,12.16,18.302,11.038,15.069,9.8792,10.085,7.4689
18.251,13.508,17.428,12.543,14.136,11.298,9.4951,7.8498
12.199,17.37,14.018,15.193,12.115,12.789,8.715,8.3005
9.0323,18.401,11.467,16.348,10.073,13.962,8.1254,8.6987
13.485,17.8,11.995,16.672,9.2473,14.492,7.3941,9.039
18.954,14.245,15.033,15.923,9.6025,14.652,7.0516,9.3889
18.735,12.112,17.811,13.426,10.836,14.591,6.8031,9.6809
13.423,12.589,18.309,11.26,13.224,14.272,6.7227,9.9116
8.9572,17.478,17.516,10.781,14.913,13.151,6.6824,10.027
11.926,18.709,13.258,11.07,15.415,11.211,6.717,10.121
18.566,18.104,11.301,13.879,15.528,9.2313,6.7657,10.195
18.976,13.382,11.352,16.295,14.928,8.7176,7.6771,10.326
15.693,11.83,15.481,17.343,13.635,9.2661,9.1771,10.369
9.5062,12.847,18.384,16.898,10.579,9.0153,9.9645,10.392
11.649,18.044,19.114,15.027,8.9757,9.3623,10.47,10.448
18.452,19.848,18.101,11.611,8.8991,11.402,10.905,10.447
20.186,18.73,13.678,9.3638,9.1814,13.183,11.215,10.443
17.448,13.321,9.6423,9.2432,12.17,14.458,11.402,10.344
9.808,8.659,9.5683,12.71,14.98,15.203,11.486,10.21
9.4215,12.459,15.551,16.249,16.331,15.577,11.415,10.001
16.848,18.396,19.177,17.998,16.753,15.484,11.137,9.7088
20.558,20.773,20.209,18.11,16.3,14.791,10.587,9.3644
19.468,18.956,18.249,16.347,14.954,13.453,9.8852,8.8989
12.004,13.037,13.036,12.441,11.736,11.464,8.9247,8.1804
7.4705,7.2613,6.9546,7.3653,7.1865,8.2545,7.2286,7.5013
14.739,12.945,9.9821,8.2857,6.9657,7.5053,6.7118,7.2881
20.445,18.842,15.98,11.747,8.1391,7.3543,6.0676,6.7199
20.761,21.016,19.606,15.614,11.266,8.222,5.898,6.2626
15.673,19.298,20.188,17.841,14.296,9.9237,6.1461,5.9953
10.354,13.986,18.086,18.041,15.809,11.67,6.3277,5.6911
13.179,11.175,13.852,17.005,16.448,13.38,6.9379,5.5468
19.219,13.833,11.926,14.316,16.267,14.68,7.7152,5.6205
20.488,18.684,12.079,11.233,15.386,15.171,8.6158,5.7229
17.297,20.125,16.243,11.606,13.801,15.336,9.4434,5.9437
11.582,18.577,18.812,11.42,11.191,15.086,10.188,6.045
12.165,14.289,19.141,14.337,10.596,14.47,10.683,6.1138
18.255,13.574,17.933,16.833,10.782,13.352,10.978,6.4059
20.31,14.293,14.196,17.506,11.181,11.804,11.16,6.6855
18.849,19.011,13.977,17.44,13.224,10.819,11.396,7.2639
13.388,20.128,13.605,15.57,15.09,10.586,11.408,7.5319
12.688,18.794,16.49,13.076,16.069,10.821,11.251,7.8371
17.507,15.076,19.037,12.522,16.293,10.676,10.93,8.1993
20.905,14.455,19.58,12.517,15.788,10.946,10.477,8.4776
19.447,15.153,18.07,13.492,14.637,12.133,10.018,8.8185
14.338,18.777,14.793,15.965,12.794,13.423,9.4282,9.1609
12.37,20.096,14.071,17.636,11.592,14.396,8.7829,9.3879
16.718,18.841,13.792,17.75,11.678,15.113,8.3104,9.6561
20.58,15.076,16.465,16.57,11.576,15.333,8.1554,9.901
20.152,14.314,19.13,13.977,12.166,15.122,8.2191,10.146
15.21,14.848,19.503,12.172,14.371,14.545,8.1846,10.325
12.077,19.021,18.303,12.352,15.71,13.441,7.9176,10.44
